date,miles,cumulative_miles,daily_miles,cumulative_daily_miles,daily_miles_difference,daily_miles_cumulative_difference
2018-01-01 00:00:00+00:00,3.460913266523503,3.460913266523503,2.857142857142857,2.857142857142857,1.211319643283226,1.211319643283226
2018-01-02 00:00:00+00:00,3.5881079495744848,7.049021216097987,2.857142857142857,5.714285714285714,1.2558377823510696,1.2335787128171478
2018-01-03 00:00:00+00:00,3.074358247832657,10.123379463930645,2.857142857142857,8.571428571428571,1.07602538674143,1.1810609374585752
2018-01-04 00:00:00+00:00,0.4646613775550783,10.588040841485723,2.857142857142857,11.428571428571429,0.1626314821442774,0.9264535736300008
2018-01-05 00:00:00+00:00,3.509318082398791,14.097358923884514,2.857142857142857,14.285714285714286,1.2282613288395767,0.9868151246719159
2018-01-06 00:00:00+00:00,3.7396603833611706,17.837019307245683,2.857142857142857,17.142857142857142,1.3088811341764097,1.0404927929226648
2018-01-07 00:00:00+00:00,2.426703054163684,20.263722361409368,2.857142857142857,20.0,0.8493460689572894,1.0131861180704684
2018-01-08 00:00:00+00:00,2.1804536506800285,22.444176012089397,2.857142857142857,22.857142857142858,0.76315877773801,0.9819327005289111
2018-01-09 00:00:00+00:00,0.25426509186351703,22.698441103952913,2.857142857142857,25.714285714285715,0.08899278215223096,0.8827171540426132
2018-01-10 00:00:00+00:00,7.064990455738488,29.7634315596914,2.857142857142857,28.571428571428573,2.472746659508471,1.041720104589199
2018-01-11 00:00:00+00:00,3.3069374850870914,33.070369044778495,2.857142857142857,31.42857142857143,1.1574281197804819,1.0522390150611338
2018-01-12 00:00:00+00:00,4.619521991569235,37.68989103634773,2.857142857142857,34.285714285714285,1.6168326970492324,1.0992884885601422
2018-01-13 00:00:00+00:00,1.2500124274238447,38.93990346377158,2.857142857142857,37.14285714285714,0.4375043495983456,1.0483820163323119
2018-01-14 00:00:00+00:00,2.3710903324584427,41.31099379623002,2.857142857142857,39.99999999999999,0.8298816163604549,1.0327748449057508
2018-01-15 00:00:00+00:00,5.322852044062674,46.63384584029269,2.857142857142857,42.85714285714285,1.8629982154219358,1.0881230696068298
2018-01-16 00:00:00+00:00,0.3463523025530899,46.980198142845786,2.857142857142857,45.7142857142857,0.12122330589358146,1.0276918343747519
2018-01-17 00:00:00+00:00,3.8986071343354807,50.878805277181264,2.857142857142857,48.571428571428555,1.3645124970174183,1.0475048145302028
2018-01-18 00:00:00+00:00,1.4369208820488348,52.3157261592301,2.857142857142857,51.42857142857141,0.5029223087170922,1.017250230873919
2018-01-19 00:00:00+00:00,5.492299968185795,57.8080261274159,2.857142857142857,54.28571428571426,1.922304988865028,1.0648846918208197
2018-01-20 00:00:00+00:00,5.263138272488667,63.07116439990457,2.857142857142857,57.14285714285712,1.8420983953710333,1.1037453769983305
2018-01-21 00:00:00+00:00,1.5526823351626502,64.62384673506722,2.857142857142857,59.99999999999997,0.5434388173069276,1.0770641122511209
2018-01-22 00:00:00+00:00,4.185804899387576,68.8096516344548,2.857142857142857,62.857142857142826,1.4650317147856515,1.0946990032754178
2018-01-23 00:00:00+00:00,0.3703993676926748,69.18005100214747,2.857142857142857,65.71428571428568,0.12963977869243618,1.0527399065544185
2018-01-24 00:00:00+00:00,3.0857914777698245,72.2658424799173,2.857142857142857,68.57142857142854,1.0800270172194386,1.0538768694987943
2018-01-25 00:00:00+00:00,0.3833238884912113,72.6491663684085,2.857142857142857,71.4285714285714,0.13416336097192394,1.0170883291577193
2018-01-26 00:00:00+00:00,5.544122325618388,78.19328869402689,2.857142857142857,74.28571428571426,1.9404428139664358,1.052601963188824
2018-01-27 00:00:00+00:00,1.5327984570110555,79.72608715103794,2.857142857142857,77.14285714285712,0.5364794599538695,1.0334863149208624
2018-01-28 00:00:00+00:00,0.9996619740714229,80.72574912510937,2.857142857142857,79.99999999999999,0.349881690924998,1.0090718640638674
2018-01-29 00:00:00+00:00,1.5737468185794956,82.29949594368887,2.857142857142857,82.85714285714285,0.5508113865028235,0.9932697786307279
2018-01-30 00:00:00+00:00,0.47112363795434664,82.77061958164322,2.857142857142857,85.71428571428571,0.1648932732840213,0.9656572284525042
2018-01-31 00:00:00+00:00,4.188103972798855,86.95872355444207,2.857142857142857,88.57142857142857,1.465836390479599,0.9817920401307976
2018-02-01 00:00:00+00:00,0.4440318539727989,87.40275540841488,2.857142857142857,91.42857142857143,0.1554111488904796,0.9559676372795377
2018-02-02 00:00:00+00:00,2.5281108327368167,89.93086624115169,2.857142857142857,94.28571428571429,0.8848387914578858,0.9538122177091846
2018-02-03 00:00:00+00:00,3.8911506800286326,93.82201692118032,2.857142857142857,97.14285714285715,1.3619027380100215,0.9658148800709738
2018-02-04 00:00:00+00:00,2.4510608048993876,96.2730777260797,2.857142857142857,100.00000000000001,0.8578712817147857,0.9627307772607969
2018-02-05 00:00:00+00:00,8.548017080251332,104.82109480633103,2.857142857142857,102.85714285714288,2.9918059780879664,1.0190939772837737
2018-02-06 00:00:00+00:00,3.3108521235981865,108.13194692992921,2.857142857142857,105.71428571428574,1.1587982432593653,1.022869768256087
2018-02-07 00:00:00+00:00,5.011917899467112,113.14386482939632,2.857142857142857,108.5714285714286,1.754171264813489,1.0421145444812816
2018-02-08 00:00:00+00:00,0.16484977730056471,113.30871460669688,2.857142857142857,111.42857142857146,0.05769742205519765,1.0168730798036896
2018-02-09 00:00:00+00:00,3.5021723136880616,116.81088692038495,2.857142857142857,114.28571428571432,1.2257603097908216,1.022095260553368
2018-02-10 00:00:00+00:00,0.0,116.81088692038495,2.857142857142857,117.14285714285718,0.0,0.9971661078569444
2018-02-11 00:00:00+00:00,0.0,116.81088692038495,2.857142857142857,120.00000000000004,0.0,0.9734240576698742
2018-02-12 00:00:00+00:00,2.193378171478565,119.00426509186352,2.857142857142857,122.8571428571429,0.7676823600174978,0.9686393670267957
2018-02-13 00:00:00+00:00,7.049766861528672,126.05403195339218,2.857142857142857,125.71428571428577,2.4674184015350353,1.002702526901983
2018-02-14 00:00:00+00:00,5.188076632466396,131.24210858585857,2.857142857142857,128.5714285714286,1.8158268213632387,1.0207719556677886
2018-02-15 00:00:00+00:00,0.3262820130438241,131.5683905989024,2.857142857142857,131.42857142857147,0.11419870456533843,1.0010638415133875
2018-02-16 00:00:00+00:00,5.42481905670882,136.99320965561122,2.857142857142857,134.28571428571433,1.898686669848087,1.0201621995630619
2018-02-17 00:00:00+00:00,0.0,136.99320965561122,2.857142857142857,137.1428571428572,0.0,0.9989088204054981
2018-02-18 00:00:00+00:00,0.0,136.99320965561122,2.857142857142857,140.00000000000006,0.0,0.9785229261115084
2018-02-19 00:00:00+00:00,7.4314751849200675,144.42468484053128,2.857142857142857,142.85714285714292,2.6010163147220235,1.0109727938837185
2018-02-20 00:00:00+00:00,0.0,144.42468484053128,2.857142857142857,145.71428571428578,0.0,0.9911497979252143
2018-02-21 00:00:00+00:00,3.1714785651793527,147.59616340571063,2.857142857142857,148.57142857142864,1.1100174978127735,0.9934357152307441
2018-02-22 00:00:00+00:00,0.0,147.59616340571063,2.857142857142857,151.4285714285715,0.0,0.9746916451320509
2018-02-23 00:00:00+00:00,5.9712528831623315,153.56741628887295,2.857142857142857,154.28571428571436,2.089938509106816,0.9953443648352871
2018-02-24 00:00:00+00:00,0.0,153.56741628887295,2.857142857142857,157.14285714285722,0.0,0.9772471945655546
2018-02-25 00:00:00+00:00,4.007657778573133,157.57507406744608,2.857142857142857,160.00000000000009,1.4026802225005965,0.9848442129215375
2018-02-26 00:00:00+00:00,5.113387815159469,162.68846188260554,2.857142857142857,162.85714285714295,1.7896857353058142,0.9989642396300334
2018-02-27 00:00:00+00:00,6.007789509265887,168.6962513918714,2.857142857142857,165.7142857142858,2.1027263282430604,1.017994620468189
2018-02-28 00:00:00+00:00,0.0,168.6962513918714,2.857142857142857,168.57142857142867,0.0,1.0007404743585586
2018-03-01 00:00:00+00:00,6.005801121450728,174.70205251332214,2.857142857142857,171.42857142857153,2.102030392507755,1.019095306327712
2018-03-02 00:00:00+00:00,4.0070364073808955,178.70908892070304,2.857142857142857,174.2857142857144,1.4024627425833134,1.0253800183974757
2018-03-03 00:00:00+00:00,0.0,178.70908892070304,2.857142857142857,177.14285714285725,0.0,1.008841631003968
2018-03-04 00:00:00+00:00,0.0,178.70908892070304,2.857142857142857,180.0000000000001,0.0,0.9928282717816829
2018-03-05 00:00:00+00:00,3.1491092022588085,181.85819812296185,2.857142857142857,182.85714285714297,1.1021882207905829,0.994537020984947
2018-03-06 00:00:00+00:00,0.0,181.85819812296185,2.857142857142857,185.71428571428584,0.0,0.9792364514313324
2018-03-07 00:00:00+00:00,3.236411854768154,185.09460997773002,2.857142857142857,188.5714285714287,1.132744149168854,0.9815623256394767
2018-03-08 00:00:00+00:00,0.0,185.09460997773002,2.857142857142857,191.42857142857156,0.0,0.9669121416747084
2018-03-09 00:00:00+00:00,6.031339477451682,191.1259494551817,2.857142857142857,194.28571428571442,2.1109688171080885,0.9837365045487287
2018-03-10 00:00:00+00:00,0.0,191.1259494551817,2.857142857142857,197.14285714285728,0.0,0.9694794537581675
2018-03-11 00:00:00+00:00,3.8534955857790503,194.97944504096077,2.857142857142857,200.00000000000014,1.3487234550226677,0.9748972252048032
2018-03-12 00:00:00+00:00,0.0,194.97944504096077,2.857142857142857,202.857142857143,0.0,0.9611662783709327
2018-03-13 00:00:00+00:00,0.0,194.97944504096077,2.857142857142857,205.71428571428586,0.0,0.947816746726892
2018-03-14 00:00:00+00:00,0.0,194.97944504096077,2.857142857142857,208.57142857142873,0.0,0.9348329556758386
2018-03-15 00:00:00+00:00,0.0,194.97944504096077,2.857142857142857,211.4285714285716,0.0,0.9222000778964354
2018-03-16 00:00:00+00:00,0.0,194.97944504096077,2.857142857142857,214.28571428571445,0.0,0.9099040768578163
2018-03-17 00:00:00+00:00,0.0,194.97944504096077,2.857142857142857,217.1428571428573,0.0,0.8979316547938976
2018-03-18 00:00:00+00:00,0.0,194.97944504096077,2.857142857142857,220.00000000000017,0.0,0.8862702047316392
2018-03-19 00:00:00+00:00,0.0,194.97944504096077,2.857142857142857,222.85714285714303,0.0,0.8749077662094387
2018-03-20 00:00:00+00:00,0.0,194.97944504096077,2.857142857142857,225.7142857142859,0.0,0.8638329843586863
2018-03-21 00:00:00+00:00,0.0,194.97944504096077,2.857142857142857,228.57142857142875,0.0,0.8530350720542027
2018-03-22 00:00:00+00:00,0.0,194.97944504096077,2.857142857142857,231.42857142857162,0.0,0.8425037748683484
2018-03-23 00:00:00+00:00,0.0,194.97944504096077,2.857142857142857,234.28571428571448,0.0,0.832229338589466
2018-03-24 00:00:00+00:00,0.0,194.97944504096077,2.857142857142857,237.14285714285734,0.0,0.8222024790883881
2018-03-25 00:00:00+00:00,0.0,194.97944504096077,2.857142857142857,240.0000000000002,0.0,0.8124143543373359
2018-03-26 00:00:00+00:00,4.19350990217132,199.17295494313208,2.857142857142857,242.85714285714306,1.4677284657599619,0.8201239321187784
2018-03-27 00:00:00+00:00,0.0,199.17295494313208,2.857142857142857,245.71428571428592,0.0,0.8105876073266997
2018-03-28 00:00:00+00:00,0.0,199.17295494313208,2.857142857142857,248.57142857142878,0.0,0.80127050839191
2018-03-29 00:00:00+00:00,0.0,199.17295494313208,2.857142857142857,251.42857142857164,0.0,0.7921651617056383
2018-03-30 00:00:00+00:00,0.0,199.17295494313208,2.857142857142857,254.2857142857145,0.0,0.7832644295516423
2018-03-31 00:00:00+00:00,6.038423109043188,205.21137805217526,2.857142857142857,257.14285714285734,2.1134480881651156,0.798044247980681
2018-04-01 00:00:00+00:00,0.0,205.21137805217526,2.857142857142857,260.00000000000017,0.0,0.7892745309699043
2018-04-02 00:00:00+00:00,0.0,205.21137805217526,2.857142857142857,262.857142857143,0.0,0.7806954599811011
2018-04-03 00:00:00+00:00,3.688832219836157,208.9002102720114,2.857142857142857,265.71428571428584,1.2910912769426548,0.7861835870452039
2018-04-04 00:00:00+00:00,5.009991648771177,213.91020192078258,2.857142857142857,268.57142857142867,1.7534970770699119,0.79647415608802
2018-04-05 00:00:00+00:00,0.0,213.91020192078258,2.857142857142857,271.4285714285715,0.0,0.788090217602883
2018-04-06 00:00:00+00:00,0.0,213.91020192078258,2.857142857142857,274.28571428571433,0.0,0.7798809445028531
2018-04-07 00:00:00+00:00,0.0,213.91020192078258,2.857142857142857,277.14285714285717,0.0,0.7718409347657103
2018-04-08 00:00:00+00:00,0.0,213.91020192078258,2.857142857142857,280.0,0.0,0.7639650068599378
2018-04-09 00:00:00+00:00,3.28761284100851,217.1978147617911,2.857142857142857,282.85714285714283,1.1506644943529785,0.7678710622891606
2018-04-10 00:00:00+00:00,7.06486618150004,224.26268094329114,2.857142857142857,285.71428571428567,2.472703163525014,0.7849193833015191
2018-04-11 00:00:00+00:00,0.0,224.26268094329114,2.857142857142857,288.5714285714285,0.0,0.7771479042589299
2018-04-12 00:00:00+00:00,0.0,224.26268094329114,2.857142857142857,291.42857142857133,0.0,0.7695288071583523
2018-04-13 00:00:00+00:00,6.010523542511732,230.27320448580286,2.857142857142857,294.28571428571416,2.103683239879106,0.7824817628158353
2018-04-14 00:00:00+00:00,4.005669390757974,234.27887387656085,2.857142857142857,297.142857142857,1.4019842867652907,0.7884385178538109
2018-04-15 00:00:00+00:00,0.0,234.27887387656085,2.857142857142857,299.99999999999983,0.0,0.7809295795885366
2018-04-16 00:00:00+00:00,7.230896564065855,241.5097704406267,2.857142857142857,302.85714285714266,2.530813797423049,0.7974379212662208
2018-04-17 00:00:00+00:00,0.0,241.5097704406267,2.857142857142857,305.7142857142855,0.0,0.7899852304132655
2018-04-18 00:00:00+00:00,10.00631313131313,251.51608357193984,2.857142857142857,308.5714285714283,3.502209595959595,0.8150984189831391
2018-04-19 00:00:00+00:00,0.3127361210530502,251.8288196929929,2.857142857142857,311.42857142857116,0.10945764236856757,0.8086246503903449
2018-04-20 00:00:00+00:00,3.1986324862801236,255.02745217927304,2.857142857142857,314.285714285714,1.1195213701980433,0.8114509842067786
2018-04-21 00:00:00+00:00,0.0,255.02745217927304,2.857142857142857,317.1428571428568,0.0,0.8041406149796906
2018-04-22 00:00:00+00:00,0.0,255.02745217927304,2.857142857142857,319.99999999999966,0.0,0.7969607880602291
2018-04-23 00:00:00+00:00,0.0,255.02745217927304,2.857142857142857,322.8571428571425,0.0,0.789908037723413
2018-04-24 00:00:00+00:00,5.998655352739998,261.02610753201304,2.857142857142857,325.7142857142853,2.0995293734589993,0.801395944177234
2018-04-25 00:00:00+00:00,0.0,261.02610753201304,2.857142857142857,328.57142857142816,0.0,0.7944272837930841
2018-04-26 00:00:00+00:00,8.725107870038972,269.751215402052,2.857142857142857,331.428571428571,3.0537877545136403,0.8139045292303304
2018-04-27 00:00:00+00:00,0.0,269.751215402052,2.857142857142857,334.2857142857138,0.0,0.8069480802625499
2018-04-28 00:00:00+00:00,6.3468717688698,276.0980871709218,2.857142857142857,337.14285714285666,2.2214051191044297,0.818935004320532
2018-04-29 00:00:00+00:00,0.0,276.0980871709218,2.857142857142857,339.9999999999995,0.0,0.8120531975615359
2018-04-30 00:00:00+00:00,0.0,276.0980871709218,2.857142857142857,342.8571428571423,0.0,0.8052860875818566
2018-05-01 00:00:00+00:00,5.497333074842916,281.5954202457647,2.857142857142857,345.71428571428515,1.9240665761950206,0.8145322073224612
2018-05-02 00:00:00+00:00,0.0,281.5954202457647,2.857142857142857,348.571428571428,0.0,0.8078557138198182
2018-05-03 00:00:00+00:00,0.0,281.5954202457647,2.857142857142857,351.4285714285708,0.0,0.8012877811871368
2018-05-04 00:00:00+00:00,0.0,281.5954202457647,2.857142857142857,354.28571428571365,0.0,0.7948257829517567
2018-05-05 00:00:00+00:00,0.0,281.5954202457647,2.857142857142857,357.1428571428565,0.0,0.7884671766881427
2018-05-06 00:00:00+00:00,0.0,281.5954202457647,2.857142857142857,359.9999999999993,0.0,0.7822095006826812
2018-05-07 00:00:00+00:00,0.0,281.5954202457647,2.857142857142857,362.85714285714215,0.0,0.776050370756046
2018-05-08 00:00:00+00:00,0.0,281.5954202457647,2.857142857142857,365.714285714285,0.0,0.7699874772345144
2018-05-09 00:00:00+00:00,0.0,281.5954202457647,2.857142857142857,368.5714285714278,0.0,0.7640185820621539
2018-05-10 00:00:00+00:00,1.372546826533047,282.96796707229777,2.857142857142857,371.42857142857065,0.48039138928656644,0.7618368344254187
2018-05-11 00:00:00+00:00,0.0,282.96796707229777,2.857142857142857,374.2857142857135,0.0,0.7560212860710261
2018-05-12 00:00:00+00:00,1.040858884116758,284.0088259564145,2.857142857142857,377.1428571428563,0.36430060944086534,0.7530537051874644
2018-05-13 00:00:00+00:00,0.0,284.0088259564145,2.857142857142857,379.99999999999915,0.0,0.7473916472537241
2018-05-14 00:00:00+00:00,1.0057514117553488,285.01457736816985,2.857142857142857,382.857142857142,0.35201299411437204,0.7444410602899976
2018-05-15 00:00:00+00:00,0.0,285.01457736816985,2.857142857142857,385.7142857142848,0.0,0.7389266820656273
2018-05-16 00:00:00+00:00,0.0,285.01457736816985,2.857142857142857,388.57142857142765,0.0,0.7334933976386742
2018-05-17 00:00:00+00:00,0.0,285.01457736816985,2.857142857142857,391.4285714285705,0.0,0.7281394312325525
2018-05-18 00:00:00+00:00,0.0,285.01457736816985,2.857142857142857,394.2857142857133,0.0,0.7228630585424616
2018-05-19 00:00:00+00:00,0.0,285.01457736816985,2.857142857142857,397.14285714285614,0.0,0.7176626048838828
2018-05-20 00:00:00+00:00,0.0,285.01457736816985,2.857142857142857,399.999999999999,0.0,0.7125364434204264
2018-05-21 00:00:00+00:00,0.0,285.01457736816985,2.857142857142857,402.8571428571418,0.0,0.7074829934670901
2018-05-22 00:00:00+00:00,2.0369169052732046,287.05149427344304,2.857142857142857,405.71428571428464,0.7129209168456215,0.7075212887021503
2018-05-23 00:00:00+00:00,0.0,287.05149427344304,2.857142857142857,408.5714285714275,0.0,0.7025735873825548
2018-05-24 00:00:00+00:00,0.0,287.05149427344304,2.857142857142857,411.4285714285703,0.0,0.6976946041368426
2018-05-25 00:00:00+00:00,0.0,287.05149427344304,2.857142857142857,414.28571428571314,0.0,0.692882917211761
2018-05-26 00:00:00+00:00,0.0,287.05149427344304,2.857142857142857,417.142857142856,0.0,0.688137143806201
2018-05-27 00:00:00+00:00,0.0,287.05149427344304,2.857142857142857,419.9999999999988,0.0,0.6834559387462948
2018-05-28 00:00:00+00:00,0.0,287.05149427344304,2.857142857142857,422.85714285714164,0.0,0.6788379932142253
2018-05-29 00:00:00+00:00,0.0,287.05149427344304,2.857142857142857,425.7142857142845,0.0,0.6742820335282239
2018-05-30 00:00:00+00:00,2.0254215382168135,289.07691581165983,2.857142857142857,428.5714285714273,0.7088975383758847,0.6745128035605416
2018-05-31 00:00:00+00:00,0.0,289.07691581165983,2.857142857142857,431.42857142857014,0.0,0.6700458313515314
2018-06-01 00:00:00+00:00,0.0,289.07691581165983,2.857142857142857,434.28571428571297,0.0,0.6656376350926397
2018-06-02 00:00:00+00:00,0.0,289.07691581165983,2.857142857142857,437.1428571428558,0.0,0.6612870623142565
2018-06-03 00:00:00+00:00,0.0,289.07691581165983,2.857142857142857,439.99999999999864,0.0,0.6569929904810471
2018-06-04 00:00:00+00:00,0.0,289.07691581165983,2.857142857142857,442.85714285714147,0.0,0.6527543260263307
2018-06-05 00:00:00+00:00,0.0,289.07691581165983,2.857142857142857,445.7142857142843,0.0,0.6485700034235978
2018-06-06 00:00:00+00:00,0.0,289.07691581165983,2.857142857142857,448.57142857142713,0.0,0.6444389842935112
2018-06-07 00:00:00+00:00,0.0,289.07691581165983,2.857142857142857,451.42857142856997,0.0,0.6403602565448182
2018-06-08 00:00:00+00:00,2.62951861130995,291.7064344229698,2.857142857142857,454.2857142857128,0.9203315139584825,0.6421210820631431
2018-06-09 00:00:00+00:00,0.0,291.7064344229698,2.857142857142857,457.14285714285563,0.0,0.6381078253002485
2018-06-10 00:00:00+00:00,2.533889584824624,294.2403240077944,2.857142857142857,459.99999999999847,0.8868613546886184,0.639652878277816
2018-06-11 00:00:00+00:00,0.0,294.2403240077944,2.857142857142857,462.8571428571413,0.0,0.6357044037205456
2018-06-12 00:00:00+00:00,0.0,294.2403240077944,2.857142857142857,465.71428571428413,0.0,0.6318043767038551
2018-06-13 00:00:00+00:00,2.3963180028632785,296.6366420106577,2.857142857142857,468.57142857142696,0.8387113010021474,0.6330660042910399
2018-06-14 00:00:00+00:00,0.0,296.6366420106577,2.857142857142857,471.4285714285698,0.0,0.62922924062867
2018-06-15 00:00:00+00:00,2.069476755746441,298.70611876640413,2.857142857142857,474.28571428571263,0.7243168645112543,0.629802057640011
2018-06-16 00:00:00+00:00,0.0,298.70611876640413,2.857142857142857,477.14285714285546,0.0,0.6260307878337833
2018-06-17 00:00:00+00:00,2.574713672154617,301.2808324385588,2.857142857142857,479.9999999999983,0.9011497852541159,0.6276684009136664
2018-06-18 00:00:00+00:00,2.087558657440547,303.3683910959993,2.857142857142857,482.8571428571411,0.7306455301041914,0.6282777330390541
2018-06-19 00:00:00+00:00,0.0,303.3683910959993,2.857142857142857,485.71428571428396,0.0,0.6245819816682361
2018-06-20 00:00:00+00:00,2.3727058975582596,305.74109699355756,2.857142857142857,488.5714285714268,0.8304470641453908,0.6257858710394476
2018-06-21 00:00:00+00:00,0.0,305.74109699355756,2.857142857142857,491.4285714285696,0.0,0.6221475810915439
2018-06-22 00:00:00+00:00,0.0,305.74109699355756,2.857142857142857,494.28571428571246,0.0,0.6185513522991072
2018-06-23 00:00:00+00:00,0.0,305.74109699355756,2.857142857142857,497.1428571428553,0.0,0.614996459469802
2018-06-24 00:00:00+00:00,2.5431480155889603,308.2842450091465,2.857142857142857,499.9999999999981,0.890101805456136,0.6165684900182953
2018-06-25 00:00:00+00:00,3.1286039529149763,311.4128489620615,2.857142857142857,502.85714285714096,1.0950113835202417,0.6192869155495565
2018-06-26 00:00:00+00:00,0.0,311.4128489620615,2.857142857142857,505.7142857142838,0.0,0.6157881194165081
2018-06-27 00:00:00+00:00,1.9071124632148253,313.31996142527635,2.857142857142857,508.5714285714266,0.6674893621251888,0.6160785758362199
2018-06-28 00:00:00+00:00,0.0,313.31996142527635,2.857142857142857,511.42857142856946,0.0,0.612636796082945
2018-06-29 00:00:00+00:00,0.0,313.31996142527635,2.857142857142857,514.2857142857123,0.0,0.6092332583269287
2018-06-30 00:00:00+00:00,0.0,313.31996142527635,2.857142857142857,517.1428571428552,0.0,0.6058673287229124
2018-07-01 00:00:00+00:00,0.0,313.31996142527635,2.857142857142857,519.9999999999981,0.0,0.6025383873563029
2018-07-02 00:00:00+00:00,0.0,313.31996142527635,2.857142857142857,522.857142857141,0.0,0.5992458278625525
2018-07-03 00:00:00+00:00,0.0,313.31996142527635,2.857142857142857,525.7142857142838,0.0,0.5959890570589517
2018-07-04 00:00:00+00:00,0.0,313.31996142527635,2.857142857142857,528.5714285714267,0.0,0.5927674945883628
2018-07-05 00:00:00+00:00,0.0,313.31996142527635,2.857142857142857,531.4285714285696,0.0,0.5895805725744467
2018-07-06 00:00:00+00:00,0.0,313.31996142527635,2.857142857142857,534.2857142857125,0.0,0.5864277352879523
2018-07-07 00:00:00+00:00,0.0,313.31996142527635,2.857142857142857,537.1428571428554,0.0,0.5833084388236547
2018-07-08 00:00:00+00:00,0.0,313.31996142527635,2.857142857142857,539.9999999999983,0.0,0.5802221507875506
2018-07-09 00:00:00+00:00,3.2953178437922532,316.6152792690686,2.857142857142857,542.8571428571412,1.1533612453272886,0.5832386723377597
2018-07-10 00:00:00+00:00,0.0,316.6152792690686,2.857142857142857,545.7142857142841,0.0,0.5801850667234258
2018-07-11 00:00:00+00:00,4.121803666587131,320.73708293565574,2.857142857142857,548.571428571427,1.442631283305496,0.5846769741014575
2018-07-12 00:00:00+00:00,0.0,320.73708293565574,2.857142857142857,551.4285714285699,0.0,0.5816475597278747
2018-07-13 00:00:00+00:00,0.0,320.73708293565574,2.857142857142857,554.2857142857127,0.0,0.5786493764303083
2018-07-14 00:00:00+00:00,5.120160761154856,325.8572436968106,2.857142857142857,557.1428571428556,1.7920562664041995,0.5848719758660719
2018-07-15 00:00:00+00:00,0.0,325.8572436968106,2.857142857142857,559.9999999999985,0.0,0.5818879351728776
2018-07-16 00:00:00+00:00,3.2366604032450486,329.0939041000556,2.857142857142857,562.8571428571414,1.132831141135767,0.5846846011929937
2018-07-17 00:00:00+00:00,6.494758112622286,335.5886622126779,2.857142857142857,565.7142857142843,2.2731653394177997,0.5932122816890786
2018-07-18 00:00:00+00:00,2.0031143124154935,337.5917765250934,2.857142857142857,568.5714285714272,0.7010900093454228,0.59375438082303
2018-07-19 00:00:00+00:00,0.0,337.5917765250934,2.857142857142857,571.4285714285701,0.0,0.5907856089189149
2018-07-20 00:00:00+00:00,0.0,337.5917765250934,2.857142857142857,574.285714285713,0.0,0.5878463770337461
2018-07-21 00:00:00+00:00,0.0,337.5917765250934,2.857142857142857,577.1428571428559,0.0,0.584936246454371
2018-07-22 00:00:00+00:00,5.124075399665951,342.71585192475936,2.857142857142857,579.9999999999987,1.793426389883083,0.590889399870276
2018-07-23 00:00:00+00:00,4.0020654378429965,346.71791736260235,2.857142857142857,582.8571428571416,1.4007229032450488,0.5948591719456425
2018-07-24 00:00:00+00:00,0.0,346.71791736260235,2.857142857142857,585.7142857142845,0.0,0.591957419887371
2018-07-25 00:00:00+00:00,0.0,346.71791736260235,2.857142857142857,588.5714285714274,0.0,0.5890838401791799
2018-07-26 00:00:00+00:00,0.0,346.71791736260235,2.857142857142857,591.4285714285703,0.0,0.5862380245261404
2018-07-27 00:00:00+00:00,0.0,346.71791736260235,2.857142857142857,594.2857142857132,0.0,0.5834195724851493
2018-07-28 00:00:00+00:00,0.0,346.71791736260235,2.857142857142857,597.1428571428561,0.0,0.5806280912770863
2018-07-29 00:00:00+00:00,0.0,346.71791736260235,2.857142857142857,599.999999999999,0.0,0.5778631956043382
2018-07-30 00:00:00+00:00,4.010391811818978,350.7283091744213,2.857142857142857,602.8571428571419,1.403637134136642,0.5817768161661027
2018-07-31 00:00:00+00:00,0.0,350.7283091744213,2.857142857142857,605.7142857142848,0.0,0.5790325859011682
2018-08-01 00:00:00+00:00,2.7684572098942173,353.49676638431555,2.857142857142857,608.5714285714276,0.968960023462976,0.5808632311479373
2018-08-02 00:00:00+00:00,0.0,353.49676638431555,2.857142857142857,611.4285714285705,0.0,0.5781489169836945
2018-08-03 00:00:00+00:00,0.0,353.49676638431555,2.857142857142857,614.2857142857134,0.0,0.5754598522535378
2018-08-04 00:00:00+00:00,0.0,353.49676638431555,2.857142857142857,617.1428571428563,0.0,0.5727956862708824
2018-08-05 00:00:00+00:00,0.0,353.49676638431555,2.857142857142857,619.9999999999992,0.0,0.5701560748134129
2018-08-06 00:00:00+00:00,3.2790379185556353,356.77580430287117,2.857142857142857,622.8571428571421,1.1476632714944723,0.5728051903945186
2018-08-07 00:00:00+00:00,0.0,356.77580430287117,2.857142857142857,625.714285714285,0.0,0.5701896415799318
2018-08-08 00:00:00+00:00,4.0670608645510224,360.8428651674222,2.857142857142857,628.5714285714279,1.4234713025928578,0.574068194584536
2018-08-09 00:00:00+00:00,0.0,360.8428651674222,2.857142857142857,631.4285714285708,0.0,0.5714706009438819
2018-08-10 00:00:00+00:00,0.0,360.8428651674222,2.857142857142857,634.2857142857137,0.0,0.5688964090477383
2018-08-11 00:00:00+00:00,0.0,360.8428651674222,2.857142857142857,637.1428571428565,0.0,0.56634530407443
2018-08-12 00:00:00+00:00,0.0,360.8428651674222,2.857142857142857,639.9999999999994,0.0,0.5638169768240977
2018-08-13 00:00:00+00:00,0.0,360.8428651674222,2.857142857142857,642.8571428571423,0.0,0.5613111235937683
2018-08-14 00:00:00+00:00,0.0,360.8428651674222,2.857142857142857,645.7142857142852,0.0,0.5588274460557427
2018-08-15 00:00:00+00:00,6.568825558736976,367.4116907261592,2.857142857142857,648.5714285714281,2.2990889455579415,0.5664937962738141
2018-08-16 00:00:00+00:00,0.0,367.4116907261592,2.857142857142857,651.428571428571,0.0,0.5640091743603325
2018-08-17 00:00:00+00:00,0.0,367.4116907261592,2.857142857142857,654.2857142857139,0.0,0.5615462522015536
2018-08-18 00:00:00+00:00,0.0,367.4116907261592,2.857142857142857,657.1428571428568,0.0,0.5591047467571991
2018-08-19 00:00:00+00:00,0.0,367.4116907261592,2.857142857142857,659.9999999999997,0.0,0.5566843798881203
2018-08-20 00:00:00+00:00,5.2738879941143715,372.68557872027355,2.857142857142857,662.8571428571425,1.8458607979400299,0.5622411747935164
2018-08-21 00:00:00+00:00,0.0,372.68557872027355,2.857142857142857,665.7142857142854,0.0,0.5598281225411836
2018-08-22 00:00:00+00:00,6.557143780322915,379.24272250059647,2.857142857142857,668.5714285714283,2.2950003231130203,0.5672433883555932
2018-08-23 00:00:00+00:00,0.0,379.24272250059647,2.857142857142857,671.4285714285712,0.0,0.5648295867030162
2018-08-24 00:00:00+00:00,0.0,379.24272250059647,2.857142857142857,674.2857142857141,0.0,0.5624362409966475
2018-08-25 00:00:00+00:00,0.0,379.24272250059647,2.857142857142857,677.142857142857,0.0,0.560063092300459
2018-08-26 00:00:00+00:00,0.0,379.24272250059647,2.857142857142857,679.9999999999999,0.0,0.557709886030289
2018-08-27 00:00:00+00:00,0.0,379.24272250059647,2.857142857142857,682.8571428571428,0.0,0.5553763718627982
2018-08-28 00:00:00+00:00,0.0,379.24272250059647,2.857142857142857,685.7142857142857,0.0,0.5530623036467033
2018-08-29 00:00:00+00:00,0.0,379.24272250059647,2.857142857142857,688.5714285714286,0.0,0.550767439316219
2018-08-30 00:00:00+00:00,0.0,379.24272250059647,2.857142857142857,691.4285714285714,0.0,0.5484915408066477
2018-08-31 00:00:00+00:00,0.0,379.24272250059647,2.857142857142857,694.2857142857143,0.0,0.5462343739720525
2018-09-01 00:00:00+00:00,4.575777459635727,383.8184999602322,2.857142857142857,697.1428571428572,1.6015221108725044,0.5505593237134477
2018-09-02 00:00:00+00:00,0.0,383.8184999602322,2.857142857142857,700.0000000000001,0.0,0.5483121428003316
2018-09-03 00:00:00+00:00,2.046983118587449,385.86548307881964,2.857142857142857,702.857142857143,0.7164440915056072,0.5489956060064506
2018-09-04 00:00:00+00:00,0.0,385.86548307881964,2.857142857142857,705.7142857142859,0.0,0.5467729517311208
2018-09-05 00:00:00+00:00,7.094319176012089,392.95980225483174,2.857142857142857,708.5714285714288,2.483011711604231,0.5545803660854478
2018-09-06 00:00:00+00:00,0.0,392.95980225483174,2.857142857142857,711.4285714285717,0.0,0.5523531356995625
2018-09-07 00:00:00+00:00,0.0,392.95980225483174,2.857142857142857,714.2857142857146,0.0,0.5501437231567642
2018-09-08 00:00:00+00:00,7.398480374612265,400.35828262944403,2.857142857142857,717.1428571428575,2.589468131114293,0.5582685215948421
2018-09-09 00:00:00+00:00,0.0,400.35828262944403,2.857142857142857,720.0000000000003,0.0,0.556053170318672
2018-09-10 00:00:00+00:00,6.966875944484212,407.32515857392826,2.857142857142857,722.8571428571432,2.438406580569474,0.5634933023749993
2018-09-11 00:00:00+00:00,0.0,407.32515857392826,2.857142857142857,725.7142857142861,0.0,0.5612748248065937
2018-09-12 00:00:00+00:00,6.625743159945916,413.95090173387416,2.857142857142857,728.571428571429,2.3190101059810706,0.5681679043406113
2018-09-13 00:00:00+00:00,0.0,413.95090173387416,2.857142857142857,731.4285714285719,0.0,0.5659484984642807
2018-09-14 00:00:00+00:00,0.0,413.95090173387416,2.857142857142857,734.2857142857148,0.0,0.5637463642290111
2018-09-15 00:00:00+00:00,7.062256422492643,421.0131581563668,2.857142857142857,737.1428571428577,2.471789747872425,0.571141881219877
2018-09-16 00:00:00+00:00,0.0,421.0131581563668,2.857142857142857,740.0000000000006,0.0,0.568936700211306
2018-09-17 00:00:00+00:00,5.015770400858983,426.02892855722575,2.857142857142857,742.8571428571435,1.7555196403006441,0.5735004807501112
2018-09-18 00:00:00+00:00,4.117516205360693,430.14644476258644,2.857142857142857,745.7142857142863,1.4411306718762424,0.5768247343559584
2018-09-19 00:00:00+00:00,6.998379463930646,437.1448242265171,2.857142857142857,748.5714285714292,2.449432812375726,0.5839720934323697
2018-09-20 00:00:00+00:00,0.0,437.1448242265171,2.857142857142857,751.4285714285721,0.0,0.5817516672216001
2018-09-21 00:00:00+00:00,0.0,437.1448242265171,2.857142857142857,754.285714285715,0.0,0.5795480624215182
2018-09-22 00:00:00+00:00,7.420974011771255,444.5657982382883,2.857142857142857,757.1428571428579,2.5973409041199393,0.587162375031701
2018-09-23 00:00:00+00:00,0.0,444.5657982382883,2.857142857142857,760.0000000000008,0.0,0.5849549976819577
2018-09-24 00:00:00+00:00,0.0,444.5657982382883,2.857142857142857,762.8571428571437,0.0,0.5827641549940102
2018-09-25 00:00:00+00:00,6.710373916328641,451.276172154617,2.857142857142857,765.7142857142866,2.3486308707150245,0.589353209903417
2018-09-26 00:00:00+00:00,6.970976994352978,458.2471491489699,2.857142857142857,768.5714285714295,2.4398419480235423,0.5962323501938264
2018-09-27 00:00:00+00:00,0.0,458.2471491489699,2.857142857142857,771.4285714285724,0.0,0.5940240822301455
2018-09-28 00:00:00+00:00,0.0,458.2471491489699,2.857142857142857,774.2857142857152,0.0,0.5918321114470084
2018-09-29 00:00:00+00:00,0.0,458.2471491489699,2.857142857142857,777.1428571428581,0.0,0.5896562580961002
2018-09-30 00:00:00+00:00,0.0,458.2471491489699,2.857142857142857,780.000000000001,0.0,0.5874963450627811
2018-10-01 00:00:00+00:00,5.33043277260797,463.5775819215779,2.857142857142857,782.8571428571439,1.8656514704127893,0.592161144790336
2018-10-02 00:00:00+00:00,0.0,463.5775819215779,2.857142857142857,785.7142857142868,0.0,0.5900078315365529
2018-10-03 00:00:00+00:00,5.1652101725920625,468.74279209417,2.857142857142857,788.5714285714297,1.807823560407222,0.5944202073657945
2018-10-04 00:00:00+00:00,0.0,468.74279209417,2.857142857142857,791.4285714285726,0.0,0.5922742860395641
2018-10-05 00:00:00+00:00,0.0,468.74279209417,2.857142857142857,794.2857142857155,0.0,0.5901438029962564
2018-10-06 00:00:00+00:00,9.3823321800684,478.1251242742384,2.857142857142857,797.1428571428584,3.28381626302394,0.5997985429963555
2018-10-07 00:00:00+00:00,0.0,478.1251242742384,2.857142857142857,800.0000000000013,0.0,0.5976564053427971
2018-10-08 00:00:00+00:00,4.245394396723137,482.37051867096153,2.857142857142857,802.8571428571441,1.485888038853098,0.6008173720100934
2018-10-09 00:00:00+00:00,7.041999721625706,489.41251839258723,2.857142857142857,805.714285714287,2.4646999025689973,0.6074268845298059
2018-10-10 00:00:00+00:00,0.0,489.41251839258723,2.857142857142857,808.5714285714299,0.0,0.6052804997788171
2018-10-11 00:00:00+00:00,0.0,489.41251839258723,2.857142857142857,811.4285714285728,0.0,0.6031492304133987
2018-10-12 00:00:00+00:00,0.0,489.41251839258723,2.857142857142857,814.2857142857157,0.0,0.6010329173242289
2018-10-13 00:00:00+00:00,11.002992523661813,500.41551091624905,2.857142857142857,817.1428571428586,3.8510473832816348,0.6123966042681359
2018-10-14 00:00:00+00:00,0.0,500.41551091624905,2.857142857142857,820.0000000000015,0.0,0.6102628181905465
2018-10-15 00:00:00+00:00,0.0,500.41551091624905,2.857142857142857,822.8571428571444,0.0,0.6081438500718294
2018-10-16 00:00:00+00:00,7.09301429650839,507.50852521275743,2.857142857142857,825.7142857142873,2.4825550037779367,0.614629701814757
2018-10-17 00:00:00+00:00,0.0,507.50852521275743,2.857142857142857,828.5714285714301,0.0,0.6125102890498785
2018-10-18 00:00:00+00:00,0.0,507.50852521275743,2.857142857142857,831.428571428573,0.0,0.6104054426957551
2018-10-19 00:00:00+00:00,0.0,507.50852521275743,2.857142857142857,834.2857142857159,0.0,0.608315013097482
2018-10-20 00:00:00+00:00,0.0,507.50852521275743,2.857142857142857,837.1428571428588,0.0,0.6062388526432244
2018-10-21 00:00:00+00:00,7.748995864153343,515.2575210769107,2.857142857142857,840.0000000000017,2.71214855245367,0.6134018108058449
2018-10-22 00:00:00+00:00,4.0093976179113975,519.2669186948222,2.857142857142857,842.8571428571446,1.403289166268989,0.6160793950616521
2018-10-23 00:00:00+00:00,0.0,519.2669186948222,2.857142857142857,845.7142857142875,0.0,0.6139980457540114
2018-10-24 00:00:00+00:00,0.0,519.2669186948222,2.857142857142857,848.5714285714304,0.0,0.6119307122666241
2018-10-25 00:00:00+00:00,0.0,519.2669186948222,2.857142857142857,851.4285714285733,0.0,0.6098772535006287
2018-10-26 00:00:00+00:00,4.861359659588006,524.1282783544102,2.857142857142857,854.2857142857162,1.701475880855802,0.6135280850302447
2018-10-27 00:00:00+00:00,11.006845025053686,535.135123379464,2.857142857142857,857.142857142859,3.85239575876879,0.6243243106093732
2018-10-28 00:00:00+00:00,0.0,535.135123379464,2.857142857142857,860.0000000000019,0.0,0.6222501434644916
2018-10-29 00:00:00+00:00,4.050345979479838,539.1854693589438,2.857142857142857,862.8571428571448,1.4176210928179431,0.6248838221047348
2018-10-30 00:00:00+00:00,0.0,539.1854693589438,2.857142857142857,865.7142857142877,0.0,0.6228214992595046
2018-10-31 00:00:00+00:00,0.0,539.1854693589438,2.857142857142857,868.5714285714306,0.0,0.6207727443277299
2018-11-01 00:00:00+00:00,0.0,539.1854693589438,2.857142857142857,871.4285714285735,0.0,0.6187374238545242
2018-11-02 00:00:00+00:00,0.0,539.1854693589438,2.857142857142857,874.2857142857164,0.0,0.6167154061295094
2018-11-03 00:00:00+00:00,11.381718265330468,550.5671876242743,2.857142857142857,877.1428571428593,3.9836013928656637,0.6276824614608976
2018-11-04 00:00:00+00:00,0.0,550.5671876242743,2.857142857142857,880.0000000000022,0.0,0.6256445313912192
2018-11-05 00:00:00+00:00,4.019898791060208,554.5870864153345,2.857142857142857,882.857142857145,1.4069645768710728,0.6281730752277236
2018-11-06 00:00:00+00:00,0.0,554.5870864153345,2.857142857142857,885.7142857142879,0.0,0.6261467104689245
2018-11-07 00:00:00+00:00,0.0,554.5870864153345,2.857142857142857,888.5714285714308,0.0,0.6241333769947479
2018-11-08 00:00:00+00:00,0.0,554.5870864153345,2.857142857142857,891.4285714285737,0.0,0.62213294950438
2018-11-09 00:00:00+00:00,3.3265728147617915,557.9136592300963,2.857142857142857,894.2857142857166,1.164300485166627,0.6238651141550582
2018-11-10 00:00:00+00:00,0.0,557.9136592300963,2.857142857142857,897.1428571428595,0.0,0.6218782825813159
2018-11-11 00:00:00+00:00,0.0,557.9136592300963,2.857142857142857,900.0000000000024,0.0,0.6199040658112165
2018-11-12 00:00:00+00:00,0.0,557.9136592300963,2.857142857142857,902.8571428571453,0.0,0.6179423440839658
2018-11-13 00:00:00+00:00,0.0,557.9136592300963,2.857142857142857,905.7142857142882,0.0,0.6159929991499469
2018-11-14 00:00:00+00:00,0.0,557.9136592300963,2.857142857142857,908.571428571431,0.0,0.6140559142469597
2018-11-15 00:00:00+00:00,0.0,557.9136592300963,2.857142857142857,911.428571428574,0.0,0.6121309740769065
2018-11-16 00:00:00+00:00,0.0,557.9136592300963,2.857142857142857,914.2857142857168,0.0,0.6102180647829162
2018-11-17 00:00:00+00:00,9.564145390917044,567.4778046210133,2.857142857142857,917.1428571428597,3.3474508868209654,0.6187452698359941
2018-11-18 00:00:00+00:00,0.0,567.4778046210133,2.857142857142857,920.0000000000026,0.0,0.6168237006750127
2018-11-19 00:00:00+00:00,0.0,567.4778046210133,2.857142857142857,922.8571428571455,0.0,0.61491402977509
2018-11-20 00:00:00+00:00,0.0,567.4778046210133,2.857142857142857,925.7142857142884,0.0,0.6130161469671422
2018-11-21 00:00:00+00:00,0.0,567.4778046210133,2.857142857142857,928.5714285714313,0.0,0.6111299434380125
2018-11-22 00:00:00+00:00,0.0,567.4778046210133,2.857142857142857,931.4285714285742,0.0,0.6092553117096751
2018-11-23 00:00:00+00:00,3.6680784220154297,571.1458830430288,2.857142857142857,934.2857142857171,1.2838274477054004,0.6113182234405489
2018-11-24 00:00:00+00:00,0.0,571.1458830430288,2.857142857142857,937.14285714286,0.0,0.6094544483690838
2018-11-25 00:00:00+00:00,0.0,571.1458830430288,2.857142857142857,940.0000000000028,0.0,0.6076020032372629
2018-11-26 00:00:00+00:00,4.008714109599936,575.1545971526288,2.857142857142857,942.8571428571457,1.4030499383599775,0.6100124515255135
2018-11-27 00:00:00+00:00,6.8716197407142285,582.026216893343,2.857142857142857,945.7142857142886,2.40506690924998,0.6154355767754363
2018-11-28 00:00:00+00:00,3.3900148134892225,585.4162317068321,2.857142857142857,948.5714285714315,1.1865051847212278,0.6171556659559958
2018-11-29 00:00:00+00:00,0.0,585.4162317068321,2.857142857142857,951.4285714285744,0.0,0.6153023456378096
2018-11-30 00:00:00+00:00,3.2976169172035315,588.7138486240357,2.857142857142857,954.2857142857173,1.154165921021236,0.6169157096359635
2018-12-01 00:00:00+00:00,0.0,588.7138486240357,2.857142857142857,957.1428571428602,0.0,0.6150741702042144
2018-12-02 00:00:00+00:00,0.0,588.7138486240357,2.857142857142857,960.0000000000031,0.0,0.6132435923167019
2018-12-03 00:00:00+00:00,0.0,588.7138486240357,2.857142857142857,962.857142857146,0.0,0.6114238783929135
2018-12-04 00:00:00+00:00,7.0072650719796385,595.7211136960153,2.857142857142857,965.7142857142888,2.4525427751928732,0.6168709757207239
2018-12-05 00:00:00+00:00,0.0,595.7211136960153,2.857142857142857,968.5714285714317,0.0,0.6150512973262675
2018-12-06 00:00:00+00:00,0.0,595.7211136960153,2.857142857142857,971.4285714285746,0.0,0.6132423229223667
2018-12-07 00:00:00+00:00,0.0,595.7211136960153,2.857142857142857,974.2857142857175,0.0,0.6114439583390167
2018-12-08 00:00:00+00:00,0.0,595.7211136960153,2.857142857142857,977.1428571428604,0.0,0.609656110507616
2018-12-09 00:00:00+00:00,0.0,595.7211136960153,2.857142857142857,980.0000000000033,0.0,0.6078786874449116
2018-12-10 00:00:00+00:00,0.0,595.7211136960153,2.857142857142857,982.8571428571462,0.0,0.6061115982372228
2018-12-11 00:00:00+00:00,0.0,595.7211136960153,2.857142857142857,985.7142857142891,0.0,0.604354753024941
2018-12-12 00:00:00+00:00,6.731624811103156,602.4527385071185,2.857142857142857,988.571428571432,2.3560686838861047,0.6094175100505513
2018-12-13 00:00:00+00:00,0.0,602.4527385071185,2.857142857142857,991.4285714285749,0.0,0.6076612636238926
2018-12-14 00:00:00+00:00,5.006574107213871,607.4593126143324,2.857142857142857,994.2857142857177,1.7523009375248548,0.6109504580891253
2018-12-15 00:00:00+00:00,0.0,607.4593126143324,2.857142857142857,997.1428571428606,0.0,0.6091998837106464
2018-12-16 00:00:00+00:00,0.0,607.4593126143324,2.857142857142857,1000.0000000000035,0.0,0.6074593126143302
2018-12-17 00:00:00+00:00,0.0,607.4593126143324,2.857142857142857,1002.8571428571464,0.0,0.6057286593020387
2018-12-18 00:00:00+00:00,0.0,607.4593126143324,2.857142857142857,1005.7142857142893,0.0,0.6040078392472034
2018-12-19 00:00:00+00:00,0.0,607.4593126143324,2.857142857142857,1008.5714285714322,0.0,0.6022967688810639
2018-12-20 00:00:00+00:00,0.0,607.4593126143324,2.857142857142857,1011.4285714285751,0.0,0.60059536557914
2018-12-21 00:00:00+00:00,4.049600334049153,611.5089129483815,2.857142857142857,1014.285714285718,1.4173601169172034,0.602896111357557
2018-12-22 00:00:00+00:00,7.046784279805934,618.5556972281875,2.857142857142857,1017.1428571428609,2.4663744979320765,0.6081306012074854
2018-12-23 00:00:00+00:00,0.0,618.5556972281875,2.857142857142857,1020.0000000000038,0.0,0.6064271541452796
2018-12-24 00:00:00+00:00,5.133023144834167,623.6887203730216,2.857142857142857,1022.8571428571466,1.7965581006919586,0.609751542264125
2018-12-25 00:00:00+00:00,0.0,623.6887203730216,2.857142857142857,1025.7142857142894,0.0,0.608053070001551
2018-12-26 00:00:00+00:00,0.0,623.6887203730216,2.857142857142857,1028.5714285714323,0.0,0.606364033695991
2018-12-27 00:00:00+00:00,0.0,623.6887203730216,2.857142857142857,1031.4285714285752,0.0,0.6046843549322902
2018-12-28 00:00:00+00:00,0.0,623.6887203730216,2.857142857142857,1034.285714285718,0.0,0.603013956161759
2018-12-29 00:00:00+00:00,0.0,623.6887203730216,2.857142857142857,1037.142857142861,0.0,0.601352760690239
2018-12-30 00:00:00+00:00,3.201117971049073,626.8898383440707,2.857142857142857,1040.0000000000039,1.1203912898671755,0.6027786907154503
2018-12-31 00:00:00+00:00,0.0,626.8898383440707,2.857142857142857,1042.8571428571468,0.0,0.6011272422477367
2019-01-01 00:00:00+00:00,5.007630438240675,631.8974687823113,2.857142857142857,1045.7142857142896,1.752670653384236,0.6042735357207872
2019-01-02 00:00:00+00:00,4.010081126222858,635.9075499085342,2.857142857142857,1048.5714285714325,1.4035283941780003,0.6064513418746216
2019-01-03 00:00:00+00:00,0.2036854768153981,636.1112353853496,2.857142857142857,1051.4285714285754,0.07128991688538933,0.6049970988719334
2019-01-04 00:00:00+00:00,3.569653225165036,639.6808886105146,2.857142857142857,1054.2857142857183,1.2493786288077626,0.6067433902809736
2019-01-05 00:00:00+00:00,4.00361886582359,643.6845074763381,2.857142857142857,1057.1428571428612,1.4012666030382566,0.6088907503154527
2019-01-06 00:00:00+00:00,2.018400043744532,645.7029075200827,2.857142857142857,1060.000000000004,0.7064400153105862,0.6091536863396984
2019-01-07 00:00:00+00:00,4.002748946154458,649.7056564662372,2.857142857142857,1062.857142857147,1.4009621311540603,0.6112822036644681
2019-01-08 00:00:00+00:00,0.5086544579654816,650.2143109242027,2.857142857142857,1065.7142857142899,0.17802906028791854,0.610120667087051
2019-01-09 00:00:00+00:00,0.0,650.2143109242027,2.857142857142857,1068.5714285714328,0.0,0.6084893284050001
2019-01-10 00:00:00+00:00,0.0,650.2143109242027,2.857142857142857,1071.4285714285757,0.0,0.6068666901959201
2019-01-11 00:00:00+00:00,1.03806271375169,651.2523736379544,2.857142857142857,1074.2857142857185,0.3633219498130915,0.6062189648225615
2019-01-12 00:00:00+00:00,0.2620943688857075,651.5144680068402,2.857142857142857,1077.1428571428614,0.09173302910999762,0.6048542806429527
2019-01-13 00:00:00+00:00,1.2916442973037459,652.8061123041439,2.857142857142857,1080.0000000000043,0.45207550405631103,0.604450103985316
2019-01-14 00:00:00+00:00,2.143544201861131,654.949656506005,2.857142857142857,1082.8571428571472,0.7502404706513958,0.6048347751374692
2019-01-15 00:00:00+00:00,0.1685780044539887,655.1182345104589,2.857142857142857,1085.71428571429,0.05900230155889605,0.6033983738912098
