run_date,kms,cumulative_daily_actual_kms,daily_goal,cumulative_daily_goal,daily_kms_difference,daily_kms_cumulative_difference,week_number,week,weekly_actual_total,weekly_actual_cumulative,percentage_to_total_weekly,weekly_goal_total,weekly_goal_cumulative,percentage_to_total_weekly_goal,day_of_week,day_number,total_kms,diff_actual_vs_total
2018-01-01 00:00:00+00:00,5.57,5.57,2.86,2.86,1.95,-14.45,1,week 1.0,32.62,5.57,0.1707541385652974,20.02,2.86,0.14285714285714285,Mon,1,1003.78,27.049999999999997
2018-01-02 00:00:00+00:00,5.77,11.34,2.86,5.71,2.02,-8.68,1,week 1.0,32.62,11.34,0.3476394849785408,20.02,5.72,0.2857142857142857,Tue,2,1003.78,21.279999999999998
2018-01-03 00:00:00+00:00,4.95,16.29,2.86,8.57,1.73,-3.7300000000000004,1,week 1.0,32.62,16.29,0.4993868792152054,20.02,8.58,0.4285714285714286,Wed,3,1003.78,16.33
2018-01-04 00:00:00+00:00,0.75,17.04,2.86,11.43,0.26,-2.9800000000000004,1,week 1.0,32.62,17.04,0.522378908645003,20.02,11.44,0.5714285714285714,Thu,4,1003.78,15.579999999999998
2018-01-05 00:00:00+00:00,5.65,22.69,2.86,14.29,1.98,2.6700000000000017,1,week 1.0,32.62,22.689999999999998,0.6955855303494788,20.02,14.299999999999999,0.7142857142857143,Fri,5,1003.78,9.93
2018-01-06 00:00:00+00:00,6.02,28.71,2.86,17.14,2.11,8.690000000000001,1,week 1.0,32.62,28.709999999999997,0.8801348865726548,20.02,17.16,0.8571428571428572,Sat,6,1003.78,3.91
2018-01-07 00:00:00+00:00,3.91,32.61,2.86,20.0,1.37,12.59,1,week 1.0,32.62,32.62,1.0,20.02,20.02,1.0,Sun,7,1003.78,0.0
2018-01-08 00:00:00+00:00,3.51,36.12,2.86,22.86,1.23,16.099999999999998,2,week 2.0,33.87,3.51,0.10363153232949512,20.02,2.86,0.14285714285714285,Mon,8,1003.78,30.36
2018-01-09 00:00:00+00:00,0.41,36.53,2.86,25.71,0.14,16.51,2,week 2.0,33.87,3.92,0.1157366400944789,20.02,5.72,0.2857142857142857,Tue,9,1003.78,29.949999999999996
2018-01-10 00:00:00+00:00,11.37,47.9,2.86,28.57,3.98,27.88,2,week 2.0,33.87,15.29,0.45143194567463835,20.02,8.58,0.4285714285714286,Wed,10,1003.78,18.58
2018-01-11 00:00:00+00:00,5.32,53.22,2.86,31.43,1.86,33.2,2,week 2.0,33.87,20.61,0.608503100088574,20.02,11.44,0.5714285714285714,Thu,11,1003.78,13.259999999999998
2018-01-12 00:00:00+00:00,7.43,60.66,2.86,34.29,2.6,40.64,2,week 2.0,33.87,28.04,0.827871272512548,20.02,14.299999999999999,0.7142857142857143,Fri,12,1003.78,5.829999999999998
2018-01-13 00:00:00+00:00,2.01,62.67,2.86,37.14,0.7,42.650000000000006,2,week 2.0,33.87,30.049999999999997,0.8872158252140537,20.02,17.16,0.8571428571428572,Sat,13,1003.78,3.8200000000000003
2018-01-14 00:00:00+00:00,3.82,66.48,2.86,40.0,1.34,46.46000000000001,2,week 2.0,33.87,33.87,1.0,20.02,20.02,1.0,Sun,14,1003.78,0.0
2018-01-15 00:00:00+00:00,8.57,75.05,2.86,42.86,3.0,55.03,3,week 3.0,37.52,8.57,0.22841151385927505,20.02,2.86,0.14285714285714285,Mon,15,1003.78,28.950000000000003
2018-01-16 00:00:00+00:00,0.56,75.61,2.86,45.71,0.2,55.59,3,week 3.0,37.52,9.13,0.24333688699360342,20.02,5.72,0.2857142857142857,Tue,16,1003.78,28.39
2018-01-17 00:00:00+00:00,6.27,81.88,2.86,48.57,2.2,61.86,3,week 3.0,37.52,15.4,0.4104477611940298,20.02,8.58,0.4285714285714286,Wed,17,1003.78,22.120000000000005
2018-01-18 00:00:00+00:00,2.31,84.19,2.86,51.43,0.81,64.17,3,week 3.0,37.52,17.71,0.47201492537313433,20.02,11.44,0.5714285714285714,Thu,18,1003.78,19.810000000000002
2018-01-19 00:00:00+00:00,8.84,93.03,2.86,54.29,3.09,73.01,3,week 3.0,37.52,26.55,0.7076226012793176,20.02,14.299999999999999,0.7142857142857143,Fri,19,1003.78,10.970000000000002
2018-01-20 00:00:00+00:00,8.47,101.5,2.86,57.14,2.96,81.48,3,week 3.0,37.52,35.02,0.9333688699360341,20.02,17.16,0.8571428571428572,Sat,20,1003.78,2.5
2018-01-21 00:00:00+00:00,2.5,104.0,2.86,60.0,0.87,83.98,3,week 3.0,37.52,37.52,1.0,20.02,20.02,1.0,Sun,21,1003.78,0.0
2018-01-22 00:00:00+00:00,6.74,110.74,2.86,62.86,2.36,90.72,4,week 4.0,25.929999999999996,6.74,0.25993058233706134,20.02,2.86,0.14285714285714285,Mon,22,1003.78,19.189999999999998
2018-01-23 00:00:00+00:00,0.6,111.33,2.86,65.71,0.21,91.31,4,week 4.0,25.929999999999996,7.34,0.28306980331662174,20.02,5.72,0.2857142857142857,Tue,23,1003.78,18.589999999999996
2018-01-24 00:00:00+00:00,4.97,116.3,2.86,68.57,1.74,96.28,4,week 4.0,25.929999999999996,12.309999999999999,0.47473968376397996,20.02,8.58,0.4285714285714286,Wed,24,1003.78,13.619999999999997
2018-01-25 00:00:00+00:00,0.62,116.92,2.86,71.43,0.22,96.9,4,week 4.0,25.929999999999996,12.929999999999998,0.49865021210952565,20.02,11.44,0.5714285714285714,Thu,25,1003.78,12.999999999999998
2018-01-26 00:00:00+00:00,8.92,125.84,2.86,74.29,3.12,105.82000000000001,4,week 4.0,25.929999999999996,21.849999999999998,0.8426532973389896,20.02,14.299999999999999,0.7142857142857143,Fri,26,1003.78,4.079999999999998
2018-01-27 00:00:00+00:00,2.47,128.31,2.86,77.14,0.86,108.29,4,week 4.0,25.929999999999996,24.319999999999997,0.9379097570381797,20.02,17.16,0.8571428571428572,Sat,27,1003.78,1.6099999999999994
2018-01-28 00:00:00+00:00,1.61,129.92,2.86,80.0,0.56,109.89999999999999,4,week 4.0,25.929999999999996,25.929999999999996,1.0,20.02,20.02,1.0,Sun,28,1003.78,0.0
2018-01-29 00:00:00+00:00,2.53,132.45,2.86,82.86,0.89,112.42999999999999,5,week 5.0,25.01,2.53,0.10115953618552577,20.02,2.86,0.14285714285714285,Mon,29,1003.78,22.48
2018-01-30 00:00:00+00:00,0.76,133.21,2.86,85.71,0.27,113.19000000000001,5,week 5.0,25.01,3.29,0.13154738104758096,20.02,5.72,0.2857142857142857,Tue,30,1003.78,21.720000000000002
2018-01-31 00:00:00+00:00,6.74,139.95,2.86,88.57,2.36,119.92999999999999,5,week 5.0,25.01,10.030000000000001,0.4010395841663335,20.02,8.58,0.4285714285714286,Wed,31,1003.78,14.98
2018-02-01 00:00:00+00:00,0.71,140.66,2.86,91.43,0.25,120.64,5,week 5.0,25.01,10.740000000000002,0.42942822870851666,20.02,11.44,0.5714285714285714,Thu,32,1003.78,14.27
2018-02-02 00:00:00+00:00,4.07,144.73,2.86,94.29,1.42,124.71,5,week 5.0,25.01,14.810000000000002,0.5921631347461016,20.02,14.299999999999999,0.7142857142857143,Fri,33,1003.78,10.2
2018-02-03 00:00:00+00:00,6.26,150.99,2.86,97.14,2.19,130.97,5,week 5.0,25.01,21.07,0.8424630147940824,20.02,17.16,0.8571428571428572,Sat,34,1003.78,3.9400000000000013
2018-02-04 00:00:00+00:00,3.94,154.94,2.86,100.0,1.38,134.92,5,week 5.0,25.01,25.01,1.0,20.02,20.02,1.0,Sun,35,1003.78,0.0
2018-02-05 00:00:00+00:00,13.76,168.69,2.86,102.86,4.81,148.67,6,week 6.0,33.07,13.76,0.41608708799516175,20.02,2.86,0.14285714285714285,Mon,36,1003.78,19.310000000000002
2018-02-06 00:00:00+00:00,5.33,174.02,2.86,105.71,1.86,154.0,6,week 6.0,33.07,19.09,0.577260356818869,20.02,5.72,0.2857142857142857,Tue,37,1003.78,13.98
2018-02-07 00:00:00+00:00,8.07,182.09,2.86,108.57,2.82,162.07,6,week 6.0,33.07,27.16,0.8212881765951013,20.02,8.58,0.4285714285714286,Wed,38,1003.78,5.91
2018-02-08 00:00:00+00:00,0.27,182.35,2.86,111.43,0.09,162.32999999999998,6,week 6.0,33.07,27.43,0.829452676141518,20.02,11.44,0.5714285714285714,Thu,39,1003.78,5.640000000000001
2018-02-09 00:00:00+00:00,5.64,187.99,2.86,114.29,1.97,167.97,6,week 6.0,33.07,33.07,1.0,20.02,14.299999999999999,0.7142857142857143,Fri,40,1003.78,0.0
2018-02-10 00:00:00+00:00,0.0,187.99,2.86,117.14,0.0,167.97,6,week 6.0,33.07,33.07,1.0,20.02,17.16,0.8571428571428572,Sat,41,1003.78,0.0
2018-02-11 00:00:00+00:00,0.0,187.99,2.86,120.0,0.0,167.97,6,week 6.0,33.07,33.07,1.0,20.02,20.02,1.0,Sun,42,1003.78,0.0
2018-02-12 00:00:00+00:00,3.53,191.52,2.86,122.86,1.24,171.5,7,week 7.0,32.489999999999995,3.53,0.10864881502000617,20.02,2.86,0.14285714285714285,Mon,43,1003.78,28.959999999999994
2018-02-13 00:00:00+00:00,11.35,202.86,2.86,125.71,3.97,182.84,7,week 7.0,32.489999999999995,14.879999999999999,0.45798707294552177,20.02,5.72,0.2857142857142857,Tue,44,1003.78,17.609999999999996
2018-02-14 00:00:00+00:00,8.35,211.21,2.86,128.57,2.92,191.19,7,week 7.0,32.489999999999995,23.229999999999997,0.7149892274546015,20.02,8.58,0.4285714285714286,Wed,45,1003.78,9.259999999999998
2018-02-15 00:00:00+00:00,0.53,211.74,2.86,131.43,0.18,191.72,7,week 7.0,32.489999999999995,23.759999999999998,0.7313019390581718,20.02,11.44,0.5714285714285714,Thu,46,1003.78,8.729999999999997
2018-02-16 00:00:00+00:00,8.73,220.47,2.86,134.29,3.06,200.45,7,week 7.0,32.489999999999995,32.489999999999995,1.0,20.02,14.299999999999999,0.7142857142857143,Fri,47,1003.78,0.0
2018-02-17 00:00:00+00:00,0.0,220.47,2.86,137.14,0.0,200.45,7,week 7.0,32.489999999999995,32.489999999999995,1.0,20.02,17.16,0.8571428571428572,Sat,48,1003.78,0.0
2018-02-18 00:00:00+00:00,0.0,220.47,2.86,140.0,0.0,200.45,7,week 7.0,32.489999999999995,32.489999999999995,1.0,20.02,20.02,1.0,Sun,49,1003.78,0.0
2018-02-19 00:00:00+00:00,11.96,232.43,2.86,142.86,4.19,212.41,8,week 8.0,33.120000000000005,11.96,0.3611111111111111,20.02,2.86,0.14285714285714285,Mon,50,1003.78,21.160000000000004
2018-02-20 00:00:00+00:00,0.0,232.43,2.86,145.71,0.0,212.41,8,week 8.0,33.120000000000005,11.96,0.3611111111111111,20.02,5.72,0.2857142857142857,Tue,51,1003.78,21.160000000000004
2018-02-21 00:00:00+00:00,5.1,237.53,2.86,148.57,1.79,217.51,8,week 8.0,33.120000000000005,17.060000000000002,0.5150966183574879,20.02,8.58,0.4285714285714286,Wed,52,1003.78,16.060000000000002
2018-02-22 00:00:00+00:00,0.0,237.53,2.86,151.43,0.0,217.51,8,week 8.0,33.120000000000005,17.060000000000002,0.5150966183574879,20.02,11.44,0.5714285714285714,Thu,53,1003.78,16.060000000000002
2018-02-23 00:00:00+00:00,9.61,247.14,2.86,154.29,3.36,227.11999999999998,8,week 8.0,33.120000000000005,26.67,0.8052536231884058,20.02,14.299999999999999,0.7142857142857143,Fri,54,1003.78,6.450000000000003
2018-02-24 00:00:00+00:00,0.0,247.14,2.86,157.14,0.0,227.11999999999998,8,week 8.0,33.120000000000005,26.67,0.8052536231884058,20.02,17.16,0.8571428571428572,Sat,55,1003.78,6.450000000000003
2018-02-25 00:00:00+00:00,6.45,253.59,2.86,160.0,2.26,233.57,8,week 8.0,33.120000000000005,33.120000000000005,1.0,20.02,20.02,1.0,Sun,56,1003.78,0.0
2018-02-26 00:00:00+00:00,8.23,261.82,2.86,162.86,2.88,241.79999999999998,9,week 9.0,34.02,8.23,0.24191651969429745,20.02,2.86,0.14285714285714285,Mon,57,1003.78,25.790000000000003
2018-02-27 00:00:00+00:00,9.67,271.49,2.86,165.71,3.38,251.47,9,week 9.0,34.02,17.9,0.5261610817166372,20.02,5.72,0.2857142857142857,Tue,58,1003.78,16.120000000000005
2018-02-28 00:00:00+00:00,0.0,271.49,2.86,168.57,0.0,251.47,9,week 9.0,34.02,17.9,0.5261610817166372,20.02,8.58,0.4285714285714286,Wed,59,1003.78,16.120000000000005
2018-03-01 00:00:00+00:00,9.67,281.16,2.86,171.43,3.38,261.14000000000004,9,week 9.0,34.02,27.57,0.810405643738977,20.02,11.44,0.5714285714285714,Thu,60,1003.78,6.450000000000003
2018-03-02 00:00:00+00:00,6.45,287.6,2.86,174.29,2.26,267.58000000000004,9,week 9.0,34.02,34.02,1.0,20.02,14.299999999999999,0.7142857142857143,Fri,61,1003.78,0.0
2018-03-03 00:00:00+00:00,0.0,287.6,2.86,177.14,0.0,267.58000000000004,9,week 9.0,34.02,34.02,1.0,20.02,17.16,0.8571428571428572,Sat,62,1003.78,0.0
2018-03-04 00:00:00+00:00,0.0,287.6,2.86,180.0,0.0,267.58000000000004,9,week 9.0,34.02,34.02,1.0,20.02,20.02,1.0,Sun,63,1003.78,0.0
2018-03-05 00:00:00+00:00,5.07,292.67,2.86,182.86,1.77,272.65000000000003,10,week 10.0,26.19,5.07,0.19358533791523483,20.02,2.86,0.14285714285714285,Mon,64,1003.78,21.12
2018-03-06 00:00:00+00:00,0.0,292.67,2.86,185.71,0.0,272.65000000000003,10,week 10.0,26.19,5.07,0.19358533791523483,20.02,5.72,0.2857142857142857,Tue,65,1003.78,21.12
2018-03-07 00:00:00+00:00,5.21,297.88,2.86,188.57,1.82,277.86,10,week 10.0,26.19,10.280000000000001,0.392516227567774,20.02,8.58,0.4285714285714286,Wed,66,1003.78,15.91
2018-03-08 00:00:00+00:00,0.0,297.88,2.86,191.43,0.0,277.86,10,week 10.0,26.19,10.280000000000001,0.392516227567774,20.02,11.44,0.5714285714285714,Thu,67,1003.78,15.91
2018-03-09 00:00:00+00:00,9.71,307.59,2.86,194.29,3.4,287.57,10,week 10.0,26.19,19.990000000000002,0.7632684230622375,20.02,14.299999999999999,0.7142857142857143,Fri,68,1003.78,6.199999999999999
2018-03-10 00:00:00+00:00,0.0,307.59,2.86,197.14,0.0,287.57,10,week 10.0,26.19,19.990000000000002,0.7632684230622375,20.02,17.16,0.8571428571428572,Sat,69,1003.78,6.199999999999999
2018-03-11 00:00:00+00:00,6.2,313.79,2.86,200.0,2.17,293.77000000000004,10,week 10.0,26.19,26.19,1.0,20.02,20.02,1.0,Sun,70,1003.78,0.0
2018-03-12 00:00:00+00:00,0.0,313.79,2.86,202.86,0.0,293.77000000000004,11,week 11.0,0.0,0.0,,20.02,2.86,0.14285714285714285,Mon,71,1003.78,0.0
2018-03-13 00:00:00+00:00,0.0,313.79,2.86,205.71,0.0,293.77000000000004,11,week 11.0,0.0,0.0,,20.02,5.72,0.2857142857142857,Tue,72,1003.78,0.0
2018-03-14 00:00:00+00:00,0.0,313.79,2.86,208.57,0.0,293.77000000000004,11,week 11.0,0.0,0.0,,20.02,8.58,0.4285714285714286,Wed,73,1003.78,0.0
2018-03-15 00:00:00+00:00,0.0,313.79,2.86,211.43,0.0,293.77000000000004,11,week 11.0,0.0,0.0,,20.02,11.44,0.5714285714285714,Thu,74,1003.78,0.0
2018-03-16 00:00:00+00:00,0.0,313.79,2.86,214.29,0.0,293.77000000000004,11,week 11.0,0.0,0.0,,20.02,14.299999999999999,0.7142857142857143,Fri,75,1003.78,0.0
2018-03-17 00:00:00+00:00,0.0,313.79,2.86,217.14,0.0,293.77000000000004,11,week 11.0,0.0,0.0,,20.02,17.16,0.8571428571428572,Sat,76,1003.78,0.0
2018-03-18 00:00:00+00:00,0.0,313.79,2.86,220.0,0.0,293.77000000000004,11,week 11.0,0.0,0.0,,20.02,20.02,1.0,Sun,77,1003.78,0.0
2018-03-19 00:00:00+00:00,0.0,313.79,2.86,222.86,0.0,293.77000000000004,12,week 12.0,0.0,0.0,,20.02,2.86,0.14285714285714285,Mon,78,1003.78,0.0
2018-03-20 00:00:00+00:00,0.0,313.79,2.86,225.71,0.0,293.77000000000004,12,week 12.0,0.0,0.0,,20.02,5.72,0.2857142857142857,Tue,79,1003.78,0.0
2018-03-21 00:00:00+00:00,0.0,313.79,2.86,228.57,0.0,293.77000000000004,12,week 12.0,0.0,0.0,,20.02,8.58,0.4285714285714286,Wed,80,1003.78,0.0
2018-03-22 00:00:00+00:00,0.0,313.79,2.86,231.43,0.0,293.77000000000004,12,week 12.0,0.0,0.0,,20.02,11.44,0.5714285714285714,Thu,81,1003.78,0.0
2018-03-23 00:00:00+00:00,0.0,313.79,2.86,234.29,0.0,293.77000000000004,12,week 12.0,0.0,0.0,,20.02,14.299999999999999,0.7142857142857143,Fri,82,1003.78,0.0
2018-03-24 00:00:00+00:00,0.0,313.79,2.86,237.14,0.0,293.77000000000004,12,week 12.0,0.0,0.0,,20.02,17.16,0.8571428571428572,Sat,83,1003.78,0.0
2018-03-25 00:00:00+00:00,0.0,313.79,2.86,240.0,0.0,293.77000000000004,12,week 12.0,0.0,0.0,,20.02,20.02,1.0,Sun,84,1003.78,0.0
2018-03-26 00:00:00+00:00,6.75,320.54,2.86,242.86,2.36,300.52000000000004,13,week 13.0,16.47,6.75,0.4098360655737705,20.02,2.86,0.14285714285714285,Mon,85,1003.78,9.719999999999999
2018-03-27 00:00:00+00:00,0.0,320.54,2.86,245.71,0.0,300.52000000000004,13,week 13.0,16.47,6.75,0.4098360655737705,20.02,5.72,0.2857142857142857,Tue,86,1003.78,9.719999999999999
2018-03-28 00:00:00+00:00,0.0,320.54,2.86,248.57,0.0,300.52000000000004,13,week 13.0,16.47,6.75,0.4098360655737705,20.02,8.58,0.4285714285714286,Wed,87,1003.78,9.719999999999999
2018-03-29 00:00:00+00:00,0.0,320.54,2.86,251.43,0.0,300.52000000000004,13,week 13.0,16.47,6.75,0.4098360655737705,20.02,11.44,0.5714285714285714,Thu,88,1003.78,9.719999999999999
2018-03-30 00:00:00+00:00,0.0,320.54,2.86,254.29,0.0,300.52000000000004,13,week 13.0,16.47,6.75,0.4098360655737705,20.02,14.299999999999999,0.7142857142857143,Fri,89,1003.78,9.719999999999999
2018-03-31 00:00:00+00:00,9.72,330.26,2.86,257.14,3.4,310.24,13,week 13.0,16.47,16.47,1.0,20.02,17.16,0.8571428571428572,Sat,90,1003.78,0.0
2018-04-01 00:00:00+00:00,0.0,330.26,2.86,260.0,0.0,310.24,13,week 13.0,16.47,16.47,1.0,20.02,20.02,1.0,Sun,91,1003.78,0.0
2018-04-02 00:00:00+00:00,0.0,330.26,2.86,262.86,0.0,310.24,14,week 14.0,14.0,0.0,0.0,20.02,2.86,0.14285714285714285,Mon,92,1003.78,14.0
2018-04-03 00:00:00+00:00,5.94,336.19,2.86,265.71,2.08,316.17,14,week 14.0,14.0,5.94,0.4242857142857143,20.02,5.72,0.2857142857142857,Tue,93,1003.78,8.059999999999999
2018-04-04 00:00:00+00:00,8.06,344.26,2.86,268.57,2.82,324.24,14,week 14.0,14.0,14.0,1.0,20.02,8.58,0.4285714285714286,Wed,94,1003.78,0.0
2018-04-05 00:00:00+00:00,0.0,344.26,2.86,271.43,0.0,324.24,14,week 14.0,14.0,14.0,1.0,20.02,11.44,0.5714285714285714,Thu,95,1003.78,0.0
2018-04-06 00:00:00+00:00,0.0,344.26,2.86,274.29,0.0,324.24,14,week 14.0,14.0,14.0,1.0,20.02,14.299999999999999,0.7142857142857143,Fri,96,1003.78,0.0
2018-04-07 00:00:00+00:00,0.0,344.26,2.86,277.14,0.0,324.24,14,week 14.0,14.0,14.0,1.0,20.02,17.16,0.8571428571428572,Sat,97,1003.78,0.0
2018-04-08 00:00:00+00:00,0.0,344.26,2.86,280.0,0.0,324.24,14,week 14.0,14.0,14.0,1.0,20.02,20.02,1.0,Sun,98,1003.78,0.0
2018-04-09 00:00:00+00:00,5.29,349.55,2.86,282.86,1.85,329.53000000000003,15,week 15.0,32.78,5.29,0.16137888956680901,20.02,2.86,0.14285714285714285,Mon,99,1003.78,27.490000000000002
2018-04-10 00:00:00+00:00,11.37,360.92,2.86,285.71,3.98,340.90000000000003,15,week 15.0,32.78,16.66,0.5082367297132397,20.02,5.72,0.2857142857142857,Tue,100,1003.78,16.12
2018-04-11 00:00:00+00:00,0.0,360.92,2.86,288.57,0.0,340.90000000000003,15,week 15.0,32.78,16.66,0.5082367297132397,20.02,8.58,0.4285714285714286,Wed,101,1003.78,16.12
2018-04-12 00:00:00+00:00,0.0,360.92,2.86,291.43,0.0,340.90000000000003,15,week 15.0,32.78,16.66,0.5082367297132397,20.02,11.44,0.5714285714285714,Thu,102,1003.78,16.12
2018-04-13 00:00:00+00:00,9.67,370.59,2.86,294.29,3.39,350.57,15,week 15.0,32.78,26.33,0.8032336790726051,20.02,14.299999999999999,0.7142857142857143,Fri,103,1003.78,6.450000000000003
2018-04-14 00:00:00+00:00,6.45,377.04,2.86,297.14,2.26,357.02000000000004,15,week 15.0,32.78,32.78,1.0,20.02,17.16,0.8571428571428572,Sat,104,1003.78,0.0
2018-04-15 00:00:00+00:00,0.0,377.04,2.86,300.0,0.0,357.02000000000004,15,week 15.0,32.78,32.78,1.0,20.02,20.02,1.0,Sun,105,1003.78,0.0
2018-04-16 00:00:00+00:00,11.64,388.67,2.86,302.86,4.07,368.65000000000003,16,week 16.0,33.39,11.64,0.34860736747529203,20.02,2.86,0.14285714285714285,Mon,106,1003.78,21.75
2018-04-17 00:00:00+00:00,0.0,388.67,2.86,305.71,0.0,368.65000000000003,16,week 16.0,33.39,11.64,0.34860736747529203,20.02,5.72,0.2857142857142857,Tue,107,1003.78,21.75
2018-04-18 00:00:00+00:00,16.1,404.78,2.86,308.57,5.64,384.76,16,week 16.0,33.39,27.740000000000002,0.8307876609763403,20.02,8.58,0.4285714285714286,Wed,108,1003.78,5.649999999999999
2018-04-19 00:00:00+00:00,0.5,405.28,2.86,311.43,0.18,385.26,16,week 16.0,33.39,28.240000000000002,0.8457622042527704,20.02,11.44,0.5714285714285714,Thu,109,1003.78,5.149999999999999
2018-04-20 00:00:00+00:00,5.15,410.43,2.86,314.29,1.8,390.41,16,week 16.0,33.39,33.39,1.0,20.02,14.299999999999999,0.7142857142857143,Fri,110,1003.78,0.0
2018-04-21 00:00:00+00:00,0.0,410.43,2.86,317.14,0.0,390.41,16,week 16.0,33.39,33.39,1.0,20.02,17.16,0.8571428571428572,Sat,111,1003.78,0.0
2018-04-22 00:00:00+00:00,0.0,410.43,2.86,320.0,0.0,390.41,16,week 16.0,33.39,33.39,1.0,20.02,20.02,1.0,Sun,112,1003.78,0.0
2018-04-23 00:00:00+00:00,0.0,410.43,2.86,322.86,0.0,390.41,17,week 17.0,33.9,0.0,0.0,20.02,2.86,0.14285714285714285,Mon,113,1003.78,33.9
2018-04-24 00:00:00+00:00,9.65,420.08,2.86,325.71,3.38,400.06,17,week 17.0,33.9,9.65,0.28466076696165193,20.02,5.72,0.2857142857142857,Tue,114,1003.78,24.25
2018-04-25 00:00:00+00:00,0.0,420.08,2.86,328.57,0.0,400.06,17,week 17.0,33.9,9.65,0.28466076696165193,20.02,8.58,0.4285714285714286,Wed,115,1003.78,24.25
2018-04-26 00:00:00+00:00,14.04,434.12,2.86,331.43,4.91,414.1,17,week 17.0,33.9,23.689999999999998,0.6988200589970501,20.02,11.44,0.5714285714285714,Thu,116,1003.78,10.21
2018-04-27 00:00:00+00:00,0.0,434.12,2.86,334.29,0.0,414.1,17,week 17.0,33.9,23.689999999999998,0.6988200589970501,20.02,14.299999999999999,0.7142857142857143,Fri,117,1003.78,10.21
2018-04-28 00:00:00+00:00,10.21,444.34,2.86,337.14,3.58,424.32,17,week 17.0,33.9,33.9,1.0,20.02,17.16,0.8571428571428572,Sat,118,1003.78,0.0
2018-04-29 00:00:00+00:00,0.0,444.34,2.86,340.0,0.0,424.32,17,week 17.0,33.9,33.9,1.0,20.02,20.02,1.0,Sun,119,1003.78,0.0
2018-04-30 00:00:00+00:00,0.0,444.34,2.86,342.86,0.0,424.32,18,week 18.0,8.85,0.0,0.0,20.02,2.86,0.14285714285714285,Mon,120,1003.78,8.85
2018-05-01 00:00:00+00:00,8.85,453.18,2.86,345.71,3.1,433.16,18,week 18.0,8.85,8.85,1.0,20.02,5.72,0.2857142857142857,Tue,121,1003.78,0.0
2018-05-02 00:00:00+00:00,0.0,453.18,2.86,348.57,0.0,433.16,18,week 18.0,8.85,8.85,1.0,20.02,8.58,0.4285714285714286,Wed,122,1003.78,0.0
2018-05-03 00:00:00+00:00,0.0,453.18,2.86,351.43,0.0,433.16,18,week 18.0,8.85,8.85,1.0,20.02,11.44,0.5714285714285714,Thu,123,1003.78,0.0
2018-05-04 00:00:00+00:00,0.0,453.18,2.86,354.29,0.0,433.16,18,week 18.0,8.85,8.85,1.0,20.02,14.299999999999999,0.7142857142857143,Fri,124,1003.78,0.0
2018-05-05 00:00:00+00:00,0.0,453.18,2.86,357.14,0.0,433.16,18,week 18.0,8.85,8.85,1.0,20.02,17.16,0.8571428571428572,Sat,125,1003.78,0.0
2018-05-06 00:00:00+00:00,0.0,453.18,2.86,360.0,0.0,433.16,18,week 18.0,8.85,8.85,1.0,20.02,20.02,1.0,Sun,126,1003.78,0.0
2018-05-07 00:00:00+00:00,0.0,453.18,2.86,362.86,0.0,433.16,19,week 19.0,3.8899999999999997,0.0,0.0,20.02,2.86,0.14285714285714285,Mon,127,1003.78,3.8899999999999997
2018-05-08 00:00:00+00:00,0.0,453.18,2.86,365.71,0.0,433.16,19,week 19.0,3.8899999999999997,0.0,0.0,20.02,5.72,0.2857142857142857,Tue,128,1003.78,3.8899999999999997
2018-05-09 00:00:00+00:00,0.0,453.18,2.86,368.57,0.0,433.16,19,week 19.0,3.8899999999999997,0.0,0.0,20.02,8.58,0.4285714285714286,Wed,129,1003.78,3.8899999999999997
2018-05-10 00:00:00+00:00,2.21,455.39,2.86,371.43,0.77,435.37,19,week 19.0,3.8899999999999997,2.21,0.5681233933161954,20.02,11.44,0.5714285714285714,Thu,130,1003.78,1.6799999999999997
2018-05-11 00:00:00+00:00,0.0,455.39,2.86,374.29,0.0,435.37,19,week 19.0,3.8899999999999997,2.21,0.5681233933161954,20.02,14.299999999999999,0.7142857142857143,Fri,131,1003.78,1.6799999999999997
2018-05-12 00:00:00+00:00,1.68,457.07,2.86,377.14,0.59,437.05,19,week 19.0,3.8899999999999997,3.8899999999999997,1.0,20.02,17.16,0.8571428571428572,Sat,132,1003.78,0.0
2018-05-13 00:00:00+00:00,0.0,457.07,2.86,380.0,0.0,437.05,19,week 19.0,3.8899999999999997,3.8899999999999997,1.0,20.02,20.02,1.0,Sun,133,1003.78,0.0
2018-05-14 00:00:00+00:00,1.62,458.69,2.86,382.86,0.57,438.67,20,week 20.0,1.62,1.62,1.0,20.02,2.86,0.14285714285714285,Mon,134,1003.78,0.0
2018-05-15 00:00:00+00:00,0.0,458.69,2.86,385.71,0.0,438.67,20,week 20.0,1.62,1.62,1.0,20.02,5.72,0.2857142857142857,Tue,135,1003.78,0.0
2018-05-16 00:00:00+00:00,0.0,458.69,2.86,388.57,0.0,438.67,20,week 20.0,1.62,1.62,1.0,20.02,8.58,0.4285714285714286,Wed,136,1003.78,0.0
2018-05-17 00:00:00+00:00,0.0,458.69,2.86,391.43,0.0,438.67,20,week 20.0,1.62,1.62,1.0,20.02,11.44,0.5714285714285714,Thu,137,1003.78,0.0
2018-05-18 00:00:00+00:00,0.0,458.69,2.86,394.29,0.0,438.67,20,week 20.0,1.62,1.62,1.0,20.02,14.299999999999999,0.7142857142857143,Fri,138,1003.78,0.0
2018-05-19 00:00:00+00:00,0.0,458.69,2.86,397.14,0.0,438.67,20,week 20.0,1.62,1.62,1.0,20.02,17.16,0.8571428571428572,Sat,139,1003.78,0.0
2018-05-20 00:00:00+00:00,0.0,458.69,2.86,400.0,0.0,438.67,20,week 20.0,1.62,1.62,1.0,20.02,20.02,1.0,Sun,140,1003.78,0.0
2018-05-21 00:00:00+00:00,0.0,458.69,2.86,402.86,0.0,438.67,21,week 21.0,3.28,0.0,0.0,20.02,2.86,0.14285714285714285,Mon,141,1003.78,3.28
2018-05-22 00:00:00+00:00,3.28,461.96,2.86,405.71,1.15,441.94,21,week 21.0,3.28,3.28,1.0,20.02,5.72,0.2857142857142857,Tue,142,1003.78,0.0
2018-05-23 00:00:00+00:00,0.0,461.96,2.86,408.57,0.0,441.94,21,week 21.0,3.28,3.28,1.0,20.02,8.58,0.4285714285714286,Wed,143,1003.78,0.0
2018-05-24 00:00:00+00:00,0.0,461.96,2.86,411.43,0.0,441.94,21,week 21.0,3.28,3.28,1.0,20.02,11.44,0.5714285714285714,Thu,144,1003.78,0.0
2018-05-25 00:00:00+00:00,0.0,461.96,2.86,414.29,0.0,441.94,21,week 21.0,3.28,3.28,1.0,20.02,14.299999999999999,0.7142857142857143,Fri,145,1003.78,0.0
2018-05-26 00:00:00+00:00,0.0,461.96,2.86,417.14,0.0,441.94,21,week 21.0,3.28,3.28,1.0,20.02,17.16,0.8571428571428572,Sat,146,1003.78,0.0
2018-05-27 00:00:00+00:00,0.0,461.96,2.86,420.0,0.0,441.94,21,week 21.0,3.28,3.28,1.0,20.02,20.02,1.0,Sun,147,1003.78,0.0
2018-05-28 00:00:00+00:00,0.0,461.96,2.86,422.86,0.0,441.94,22,week 22.0,3.26,0.0,0.0,20.02,2.86,0.14285714285714285,Mon,148,1003.78,3.26
2018-05-29 00:00:00+00:00,0.0,461.96,2.86,425.71,0.0,441.94,22,week 22.0,3.26,0.0,0.0,20.02,5.72,0.2857142857142857,Tue,149,1003.78,3.26
2018-05-30 00:00:00+00:00,3.26,465.22,2.86,428.57,1.14,445.20000000000005,22,week 22.0,3.26,3.26,1.0,20.02,8.58,0.4285714285714286,Wed,150,1003.78,0.0
2018-05-31 00:00:00+00:00,0.0,465.22,2.86,431.43,0.0,445.20000000000005,22,week 22.0,3.26,3.26,1.0,20.02,11.44,0.5714285714285714,Thu,151,1003.78,0.0
2018-06-01 00:00:00+00:00,0.0,465.22,2.86,434.29,0.0,445.20000000000005,22,week 22.0,3.26,3.26,1.0,20.02,14.299999999999999,0.7142857142857143,Fri,152,1003.78,0.0
2018-06-02 00:00:00+00:00,0.0,465.22,2.86,437.14,0.0,445.20000000000005,22,week 22.0,3.26,3.26,1.0,20.02,17.16,0.8571428571428572,Sat,153,1003.78,0.0
2018-06-03 00:00:00+00:00,0.0,465.22,2.86,440.0,0.0,445.20000000000005,22,week 22.0,3.26,3.26,1.0,20.02,20.02,1.0,Sun,154,1003.78,0.0
2018-06-04 00:00:00+00:00,0.0,465.22,2.86,442.86,0.0,445.20000000000005,23,week 23.0,8.31,0.0,0.0,20.02,2.86,0.14285714285714285,Mon,155,1003.78,8.31
2018-06-05 00:00:00+00:00,0.0,465.22,2.86,445.71,0.0,445.20000000000005,23,week 23.0,8.31,0.0,0.0,20.02,5.72,0.2857142857142857,Tue,156,1003.78,8.31
2018-06-06 00:00:00+00:00,0.0,465.22,2.86,448.57,0.0,445.20000000000005,23,week 23.0,8.31,0.0,0.0,20.02,8.58,0.4285714285714286,Wed,157,1003.78,8.31
2018-06-07 00:00:00+00:00,0.0,465.22,2.86,451.43,0.0,445.20000000000005,23,week 23.0,8.31,0.0,0.0,20.02,11.44,0.5714285714285714,Thu,158,1003.78,8.31
2018-06-08 00:00:00+00:00,4.23,469.46,2.86,454.29,1.48,449.44,23,week 23.0,8.31,4.23,0.5090252707581228,20.02,14.299999999999999,0.7142857142857143,Fri,159,1003.78,4.08
2018-06-09 00:00:00+00:00,0.0,469.46,2.86,457.14,0.0,449.44,23,week 23.0,8.31,4.23,0.5090252707581228,20.02,17.16,0.8571428571428572,Sat,160,1003.78,4.08
2018-06-10 00:00:00+00:00,4.08,473.53,2.86,460.0,1.43,453.51,23,week 23.0,8.31,8.31,1.0,20.02,20.02,1.0,Sun,161,1003.78,0.0
2018-06-11 00:00:00+00:00,0.0,473.53,2.86,462.86,0.0,453.51,24,week 24.0,11.329999999999998,0.0,0.0,20.02,2.86,0.14285714285714285,Mon,162,1003.78,11.329999999999998
2018-06-12 00:00:00+00:00,0.0,473.53,2.86,465.71,0.0,453.51,24,week 24.0,11.329999999999998,0.0,0.0,20.02,5.72,0.2857142857142857,Tue,163,1003.78,11.329999999999998
2018-06-13 00:00:00+00:00,3.86,477.39,2.86,468.57,1.35,457.37,24,week 24.0,11.329999999999998,3.86,0.3406884377758165,20.02,8.58,0.4285714285714286,Wed,164,1003.78,7.469999999999999
2018-06-14 00:00:00+00:00,0.0,477.39,2.86,471.43,0.0,457.37,24,week 24.0,11.329999999999998,3.86,0.3406884377758165,20.02,11.44,0.5714285714285714,Thu,165,1003.78,7.469999999999999
2018-06-15 00:00:00+00:00,3.33,480.72,2.86,474.29,1.17,460.70000000000005,24,week 24.0,11.329999999999998,7.1899999999999995,0.6345984112974404,20.02,14.299999999999999,0.7142857142857143,Fri,166,1003.78,4.139999999999999
2018-06-16 00:00:00+00:00,0.0,480.72,2.86,477.14,0.0,460.70000000000005,24,week 24.0,11.329999999999998,7.1899999999999995,0.6345984112974404,20.02,17.16,0.8571428571428572,Sat,167,1003.78,4.139999999999999
2018-06-17 00:00:00+00:00,4.14,484.86,2.86,480.0,1.45,464.84000000000003,24,week 24.0,11.329999999999998,11.329999999999998,1.0,20.02,20.02,1.0,Sun,168,1003.78,0.0
2018-06-18 00:00:00+00:00,3.36,488.22,2.86,482.86,1.18,468.20000000000005,25,week 25.0,11.27,3.36,0.2981366459627329,20.02,2.86,0.14285714285714285,Mon,169,1003.78,7.91
2018-06-19 00:00:00+00:00,0.0,488.22,2.86,485.71,0.0,468.20000000000005,25,week 25.0,11.27,3.36,0.2981366459627329,20.02,5.72,0.2857142857142857,Tue,170,1003.78,7.91
2018-06-20 00:00:00+00:00,3.82,492.04,2.86,488.57,1.34,472.02000000000004,25,week 25.0,11.27,7.18,0.637089618456078,20.02,8.58,0.4285714285714286,Wed,171,1003.78,4.09
2018-06-21 00:00:00+00:00,0.0,492.04,2.86,491.43,0.0,472.02000000000004,25,week 25.0,11.27,7.18,0.637089618456078,20.02,11.44,0.5714285714285714,Thu,172,1003.78,4.09
2018-06-22 00:00:00+00:00,0.0,492.04,2.86,494.29,0.0,472.02000000000004,25,week 25.0,11.27,7.18,0.637089618456078,20.02,14.299999999999999,0.7142857142857143,Fri,173,1003.78,4.09
2018-06-23 00:00:00+00:00,0.0,492.04,2.86,497.14,0.0,472.02000000000004,25,week 25.0,11.27,7.18,0.637089618456078,20.02,17.16,0.8571428571428572,Sat,174,1003.78,4.09
2018-06-24 00:00:00+00:00,4.09,496.14,2.86,500.0,1.43,476.12,25,week 25.0,11.27,11.27,1.0,20.02,20.02,1.0,Sun,175,1003.78,0.0
2018-06-25 00:00:00+00:00,5.04,501.17,2.86,502.86,1.76,481.15000000000003,26,week 26.0,8.11,5.04,0.621454993834772,20.02,2.86,0.14285714285714285,Mon,176,1003.78,3.0699999999999994
2018-06-26 00:00:00+00:00,0.0,501.17,2.86,505.71,0.0,481.15000000000003,26,week 26.0,8.11,5.04,0.621454993834772,20.02,5.72,0.2857142857142857,Tue,177,1003.78,3.0699999999999994
2018-06-27 00:00:00+00:00,3.07,504.24,2.86,508.57,1.07,484.22,26,week 26.0,8.11,8.11,1.0,20.02,8.58,0.4285714285714286,Wed,178,1003.78,0.0
2018-06-28 00:00:00+00:00,0.0,504.24,2.86,511.43,0.0,484.22,26,week 26.0,8.11,8.11,1.0,20.02,11.44,0.5714285714285714,Thu,179,1003.78,0.0
2018-06-29 00:00:00+00:00,0.0,504.24,2.86,514.29,0.0,484.22,26,week 26.0,8.11,8.11,1.0,20.02,14.299999999999999,0.7142857142857143,Fri,180,1003.78,0.0
2018-06-30 00:00:00+00:00,0.0,504.24,2.86,517.14,0.0,484.22,26,week 26.0,8.11,8.11,1.0,20.02,17.16,0.8571428571428572,Sat,181,1003.78,0.0
2018-07-01 00:00:00+00:00,0.0,504.24,2.86,520.0,0.0,484.22,26,week 26.0,8.11,8.11,1.0,20.02,20.02,1.0,Sun,182,1003.78,0.0
2018-07-02 00:00:00+00:00,0.0,504.24,2.86,522.86,0.0,484.22,27,week 27.0,0.0,0.0,,20.02,2.86,0.14285714285714285,Mon,183,1003.78,0.0
2018-07-03 00:00:00+00:00,0.0,504.24,2.86,525.71,0.0,484.22,27,week 27.0,0.0,0.0,,20.02,5.72,0.2857142857142857,Tue,184,1003.78,0.0
2018-07-04 00:00:00+00:00,0.0,504.24,2.86,528.57,0.0,484.22,27,week 27.0,0.0,0.0,,20.02,8.58,0.4285714285714286,Wed,185,1003.78,0.0
2018-07-05 00:00:00+00:00,0.0,504.24,2.86,531.43,0.0,484.22,27,week 27.0,0.0,0.0,,20.02,11.44,0.5714285714285714,Thu,186,1003.78,0.0
2018-07-06 00:00:00+00:00,0.0,504.24,2.86,534.29,0.0,484.22,27,week 27.0,0.0,0.0,,20.02,14.299999999999999,0.7142857142857143,Fri,187,1003.78,0.0
2018-07-07 00:00:00+00:00,0.0,504.24,2.86,537.14,0.0,484.22,27,week 27.0,0.0,0.0,,20.02,17.16,0.8571428571428572,Sat,188,1003.78,0.0
2018-07-08 00:00:00+00:00,0.0,504.24,2.86,540.0,0.0,484.22,27,week 27.0,0.0,0.0,,20.02,20.02,1.0,Sun,189,1003.78,0.0
2018-07-09 00:00:00+00:00,5.3,509.54,2.86,542.86,1.86,489.52000000000004,28,week 28.0,20.17,5.3,0.26276648487853244,20.02,2.86,0.14285714285714285,Mon,190,1003.78,14.870000000000001
2018-07-10 00:00:00+00:00,0.0,509.54,2.86,545.71,0.0,489.52000000000004,28,week 28.0,20.17,5.3,0.26276648487853244,20.02,5.72,0.2857142857142857,Tue,191,1003.78,14.870000000000001
2018-07-11 00:00:00+00:00,6.63,516.18,2.86,548.57,2.32,496.15999999999997,28,week 28.0,20.17,11.93,0.5914724838869607,20.02,8.58,0.4285714285714286,Wed,192,1003.78,8.240000000000002
2018-07-12 00:00:00+00:00,0.0,516.18,2.86,551.43,0.0,496.15999999999997,28,week 28.0,20.17,11.93,0.5914724838869607,20.02,11.44,0.5714285714285714,Thu,193,1003.78,8.240000000000002
2018-07-13 00:00:00+00:00,0.0,516.18,2.86,554.29,0.0,496.15999999999997,28,week 28.0,20.17,11.93,0.5914724838869607,20.02,14.299999999999999,0.7142857142857143,Fri,194,1003.78,8.240000000000002
2018-07-14 00:00:00+00:00,8.24,524.42,2.86,557.14,2.88,504.4,28,week 28.0,20.17,20.17,1.0,20.02,17.16,0.8571428571428572,Sat,195,1003.78,0.0
2018-07-15 00:00:00+00:00,0.0,524.42,2.86,560.0,0.0,504.4,28,week 28.0,20.17,20.17,1.0,20.02,20.02,1.0,Sun,196,1003.78,0.0
2018-07-16 00:00:00+00:00,5.21,529.63,2.86,562.86,1.82,509.61,29,week 29.0,27.13,5.21,0.19203833394765943,20.02,2.86,0.14285714285714285,Mon,197,1003.78,21.919999999999998
2018-07-17 00:00:00+00:00,10.45,540.08,2.86,565.71,3.66,520.0600000000001,29,week 29.0,27.13,15.66,0.5772207887946923,20.02,5.72,0.2857142857142857,Tue,198,1003.78,11.469999999999999
2018-07-18 00:00:00+00:00,3.22,543.3,2.86,568.57,1.13,523.28,29,week 29.0,27.13,18.88,0.6959085882786583,20.02,8.58,0.4285714285714286,Wed,199,1003.78,8.25
2018-07-19 00:00:00+00:00,0.0,543.3,2.86,571.43,0.0,523.28,29,week 29.0,27.13,18.88,0.6959085882786583,20.02,11.44,0.5714285714285714,Thu,200,1003.78,8.25
2018-07-20 00:00:00+00:00,0.0,543.3,2.86,574.29,0.0,523.28,29,week 29.0,27.13,18.88,0.6959085882786583,20.02,14.299999999999999,0.7142857142857143,Fri,201,1003.78,8.25
2018-07-21 00:00:00+00:00,0.0,543.3,2.86,577.14,0.0,523.28,29,week 29.0,27.13,18.88,0.6959085882786583,20.02,17.16,0.8571428571428572,Sat,202,1003.78,8.25
2018-07-22 00:00:00+00:00,8.25,551.55,2.86,580.0,2.89,531.53,29,week 29.0,27.13,27.13,1.0,20.02,20.02,1.0,Sun,203,1003.78,0.0
2018-07-23 00:00:00+00:00,6.44,557.99,2.86,582.86,2.25,537.97,30,week 30.0,6.44,6.44,1.0,20.02,2.86,0.14285714285714285,Mon,204,1003.78,0.0
2018-07-24 00:00:00+00:00,0.0,557.99,2.86,585.71,0.0,537.97,30,week 30.0,6.44,6.44,1.0,20.02,5.72,0.2857142857142857,Tue,205,1003.78,0.0
2018-07-25 00:00:00+00:00,0.0,557.99,2.86,588.57,0.0,537.97,30,week 30.0,6.44,6.44,1.0,20.02,8.58,0.4285714285714286,Wed,206,1003.78,0.0
2018-07-26 00:00:00+00:00,0.0,557.99,2.86,591.43,0.0,537.97,30,week 30.0,6.44,6.44,1.0,20.02,11.44,0.5714285714285714,Thu,207,1003.78,0.0
2018-07-27 00:00:00+00:00,0.0,557.99,2.86,594.29,0.0,537.97,30,week 30.0,6.44,6.44,1.0,20.02,14.299999999999999,0.7142857142857143,Fri,208,1003.78,0.0
2018-07-28 00:00:00+00:00,0.0,557.99,2.86,597.14,0.0,537.97,30,week 30.0,6.44,6.44,1.0,20.02,17.16,0.8571428571428572,Sat,209,1003.78,0.0
2018-07-29 00:00:00+00:00,0.0,557.99,2.86,600.0,0.0,537.97,30,week 30.0,6.44,6.44,1.0,20.02,20.02,1.0,Sun,210,1003.78,0.0
2018-07-30 00:00:00+00:00,6.45,564.44,2.86,602.86,2.26,544.4200000000001,31,week 31.0,10.91,6.45,0.5912007332722273,20.02,2.86,0.14285714285714285,Mon,211,1003.78,4.46
2018-07-31 00:00:00+00:00,0.0,564.44,2.86,605.71,0.0,544.4200000000001,31,week 31.0,10.91,6.45,0.5912007332722273,20.02,5.72,0.2857142857142857,Tue,212,1003.78,4.46
2018-08-01 00:00:00+00:00,4.46,568.9,2.86,608.57,1.56,548.88,31,week 31.0,10.91,10.91,1.0,20.02,8.58,0.4285714285714286,Wed,213,1003.78,0.0
2018-08-02 00:00:00+00:00,0.0,568.9,2.86,611.43,0.0,548.88,31,week 31.0,10.91,10.91,1.0,20.02,11.44,0.5714285714285714,Thu,214,1003.78,0.0
2018-08-03 00:00:00+00:00,0.0,568.9,2.86,614.29,0.0,548.88,31,week 31.0,10.91,10.91,1.0,20.02,14.299999999999999,0.7142857142857143,Fri,215,1003.78,0.0
2018-08-04 00:00:00+00:00,0.0,568.9,2.86,617.14,0.0,548.88,31,week 31.0,10.91,10.91,1.0,20.02,17.16,0.8571428571428572,Sat,216,1003.78,0.0
2018-08-05 00:00:00+00:00,0.0,568.9,2.86,620.0,0.0,548.88,31,week 31.0,10.91,10.91,1.0,20.02,20.02,1.0,Sun,217,1003.78,0.0
2018-08-06 00:00:00+00:00,5.28,574.18,2.86,622.86,1.85,554.16,32,week 32.0,11.83,5.28,0.4463229078613694,20.02,2.86,0.14285714285714285,Mon,218,1003.78,6.55
2018-08-07 00:00:00+00:00,0.0,574.18,2.86,625.71,0.0,554.16,32,week 32.0,11.83,5.28,0.4463229078613694,20.02,5.72,0.2857142857142857,Tue,219,1003.78,6.55
2018-08-08 00:00:00+00:00,6.55,580.72,2.86,628.57,2.29,560.7,32,week 32.0,11.83,11.83,1.0,20.02,8.58,0.4285714285714286,Wed,220,1003.78,0.0
2018-08-09 00:00:00+00:00,0.0,580.72,2.86,631.43,0.0,560.7,32,week 32.0,11.83,11.83,1.0,20.02,11.44,0.5714285714285714,Thu,221,1003.78,0.0
2018-08-10 00:00:00+00:00,0.0,580.72,2.86,634.29,0.0,560.7,32,week 32.0,11.83,11.83,1.0,20.02,14.299999999999999,0.7142857142857143,Fri,222,1003.78,0.0
2018-08-11 00:00:00+00:00,0.0,580.72,2.86,637.14,0.0,560.7,32,week 32.0,11.83,11.83,1.0,20.02,17.16,0.8571428571428572,Sat,223,1003.78,0.0
2018-08-12 00:00:00+00:00,0.0,580.72,2.86,640.0,0.0,560.7,32,week 32.0,11.83,11.83,1.0,20.02,20.02,1.0,Sun,224,1003.78,0.0
2018-08-13 00:00:00+00:00,0.0,580.72,2.86,642.86,0.0,560.7,33,week 33.0,10.57,0.0,0.0,20.02,2.86,0.14285714285714285,Mon,225,1003.78,10.57
2018-08-14 00:00:00+00:00,0.0,580.72,2.86,645.71,0.0,560.7,33,week 33.0,10.57,0.0,0.0,20.02,5.72,0.2857142857142857,Tue,226,1003.78,10.57
2018-08-15 00:00:00+00:00,10.57,591.29,2.86,648.57,3.7,571.27,33,week 33.0,10.57,10.57,1.0,20.02,8.58,0.4285714285714286,Wed,227,1003.78,0.0
2018-08-16 00:00:00+00:00,0.0,591.29,2.86,651.43,0.0,571.27,33,week 33.0,10.57,10.57,1.0,20.02,11.44,0.5714285714285714,Thu,228,1003.78,0.0
2018-08-17 00:00:00+00:00,0.0,591.29,2.86,654.29,0.0,571.27,33,week 33.0,10.57,10.57,1.0,20.02,14.299999999999999,0.7142857142857143,Fri,229,1003.78,0.0
2018-08-18 00:00:00+00:00,0.0,591.29,2.86,657.14,0.0,571.27,33,week 33.0,10.57,10.57,1.0,20.02,17.16,0.8571428571428572,Sat,230,1003.78,0.0
2018-08-19 00:00:00+00:00,0.0,591.29,2.86,660.0,0.0,571.27,33,week 33.0,10.57,10.57,1.0,20.02,20.02,1.0,Sun,231,1003.78,0.0
2018-08-20 00:00:00+00:00,8.49,599.78,2.86,662.86,2.97,579.76,34,week 34.0,19.04,8.49,0.44590336134453784,20.02,2.86,0.14285714285714285,Mon,232,1003.78,10.549999999999999
2018-08-21 00:00:00+00:00,0.0,599.78,2.86,665.71,0.0,579.76,34,week 34.0,19.04,8.49,0.44590336134453784,20.02,5.72,0.2857142857142857,Tue,233,1003.78,10.549999999999999
2018-08-22 00:00:00+00:00,10.55,610.33,2.86,668.57,3.69,590.3100000000001,34,week 34.0,19.04,19.04,1.0,20.02,8.58,0.4285714285714286,Wed,234,1003.78,0.0
2018-08-23 00:00:00+00:00,0.0,610.33,2.86,671.43,0.0,590.3100000000001,34,week 34.0,19.04,19.04,1.0,20.02,11.44,0.5714285714285714,Thu,235,1003.78,0.0
2018-08-24 00:00:00+00:00,0.0,610.33,2.86,674.29,0.0,590.3100000000001,34,week 34.0,19.04,19.04,1.0,20.02,14.299999999999999,0.7142857142857143,Fri,236,1003.78,0.0
2018-08-25 00:00:00+00:00,0.0,610.33,2.86,677.14,0.0,590.3100000000001,34,week 34.0,19.04,19.04,1.0,20.02,17.16,0.8571428571428572,Sat,237,1003.78,0.0
2018-08-26 00:00:00+00:00,0.0,610.33,2.86,680.0,0.0,590.3100000000001,34,week 34.0,19.04,19.04,1.0,20.02,20.02,1.0,Sun,238,1003.78,0.0
2018-08-27 00:00:00+00:00,0.0,610.33,2.86,682.86,0.0,590.3100000000001,35,week 35.0,7.36,0.0,0.0,20.02,2.86,0.14285714285714285,Mon,239,1003.78,7.36
2018-08-28 00:00:00+00:00,0.0,610.33,2.86,685.71,0.0,590.3100000000001,35,week 35.0,7.36,0.0,0.0,20.02,5.72,0.2857142857142857,Tue,240,1003.78,7.36
2018-08-29 00:00:00+00:00,0.0,610.33,2.86,688.57,0.0,590.3100000000001,35,week 35.0,7.36,0.0,0.0,20.02,8.58,0.4285714285714286,Wed,241,1003.78,7.36
2018-08-30 00:00:00+00:00,0.0,610.33,2.86,691.43,0.0,590.3100000000001,35,week 35.0,7.36,0.0,0.0,20.02,11.44,0.5714285714285714,Thu,242,1003.78,7.36
2018-08-31 00:00:00+00:00,0.0,610.33,2.86,694.29,0.0,590.3100000000001,35,week 35.0,7.36,0.0,0.0,20.02,14.299999999999999,0.7142857142857143,Fri,243,1003.78,7.36
2018-09-01 00:00:00+00:00,7.36,617.7,2.86,697.14,2.58,597.6800000000001,35,week 35.0,7.36,7.36,1.0,20.02,17.16,0.8571428571428572,Sat,244,1003.78,0.0
2018-09-02 00:00:00+00:00,0.0,617.7,2.86,700.0,0.0,597.6800000000001,35,week 35.0,7.36,7.36,1.0,20.02,20.02,1.0,Sun,245,1003.78,0.0
2018-09-03 00:00:00+00:00,3.29,620.99,2.86,702.86,1.15,600.97,36,week 36.0,26.62,3.29,0.12359128474830954,20.02,2.86,0.14285714285714285,Mon,246,1003.78,23.330000000000002
2018-09-04 00:00:00+00:00,0.0,620.99,2.86,705.71,0.0,600.97,36,week 36.0,26.62,3.29,0.12359128474830954,20.02,5.72,0.2857142857142857,Tue,247,1003.78,23.330000000000002
2018-09-05 00:00:00+00:00,11.42,632.41,2.86,708.57,4.0,612.39,36,week 36.0,26.62,14.71,0.5525920360631105,20.02,8.58,0.4285714285714286,Wed,248,1003.78,11.91
2018-09-06 00:00:00+00:00,0.0,632.41,2.86,711.43,0.0,612.39,36,week 36.0,26.62,14.71,0.5525920360631105,20.02,11.44,0.5714285714285714,Thu,249,1003.78,11.91
2018-09-07 00:00:00+00:00,0.0,632.41,2.86,714.29,0.0,612.39,36,week 36.0,26.62,14.71,0.5525920360631105,20.02,14.299999999999999,0.7142857142857143,Fri,250,1003.78,11.91
2018-09-08 00:00:00+00:00,11.91,644.31,2.86,717.14,4.17,624.29,36,week 36.0,26.62,26.62,1.0,20.02,17.16,0.8571428571428572,Sat,251,1003.78,0.0
2018-09-09 00:00:00+00:00,0.0,644.31,2.86,720.0,0.0,624.29,36,week 36.0,26.62,26.62,1.0,20.02,20.02,1.0,Sun,252,1003.78,0.0
2018-09-10 00:00:00+00:00,11.21,655.53,2.86,722.86,3.92,635.51,37,week 37.0,33.24,11.21,0.3372442839951865,20.02,2.86,0.14285714285714285,Mon,253,1003.78,22.03
2018-09-11 00:00:00+00:00,0.0,655.53,2.86,725.71,0.0,635.51,37,week 37.0,33.24,11.21,0.3372442839951865,20.02,5.72,0.2857142857142857,Tue,254,1003.78,22.03
2018-09-12 00:00:00+00:00,10.66,666.19,2.86,728.57,3.73,646.1700000000001,37,week 37.0,33.24,21.87,0.657942238267148,20.02,8.58,0.4285714285714286,Wed,255,1003.78,11.370000000000001
2018-09-13 00:00:00+00:00,0.0,666.19,2.86,731.43,0.0,646.1700000000001,37,week 37.0,33.24,21.87,0.657942238267148,20.02,11.44,0.5714285714285714,Thu,256,1003.78,11.370000000000001
2018-09-14 00:00:00+00:00,0.0,666.19,2.86,734.29,0.0,646.1700000000001,37,week 37.0,33.24,21.87,0.657942238267148,20.02,14.299999999999999,0.7142857142857143,Fri,257,1003.78,11.370000000000001
2018-09-15 00:00:00+00:00,11.37,677.56,2.86,737.14,3.98,657.54,37,week 37.0,33.24,33.24,1.0,20.02,17.16,0.8571428571428572,Sat,258,1003.78,0.0
2018-09-16 00:00:00+00:00,0.0,677.56,2.86,740.0,0.0,657.54,37,week 37.0,33.24,33.24,1.0,20.02,20.02,1.0,Sun,259,1003.78,0.0
2018-09-17 00:00:00+00:00,8.07,685.63,2.86,742.86,2.83,665.61,38,week 38.0,37.9,8.07,0.2129287598944591,20.02,2.86,0.14285714285714285,Mon,260,1003.78,29.83
2018-09-18 00:00:00+00:00,6.63,692.25,2.86,745.71,2.32,672.23,38,week 38.0,37.9,14.7,0.38786279683377306,20.02,5.72,0.2857142857142857,Tue,261,1003.78,23.2
2018-09-19 00:00:00+00:00,11.26,703.52,2.86,748.57,3.94,683.5,38,week 38.0,37.9,25.96,0.6849604221635884,20.02,8.58,0.4285714285714286,Wed,262,1003.78,11.939999999999998
2018-09-20 00:00:00+00:00,0.0,703.52,2.86,751.43,0.0,683.5,38,week 38.0,37.9,25.96,0.6849604221635884,20.02,11.44,0.5714285714285714,Thu,263,1003.78,11.939999999999998
2018-09-21 00:00:00+00:00,0.0,703.52,2.86,754.29,0.0,683.5,38,week 38.0,37.9,25.96,0.6849604221635884,20.02,14.299999999999999,0.7142857142857143,Fri,264,1003.78,11.939999999999998
2018-09-22 00:00:00+00:00,11.94,715.46,2.86,757.14,4.18,695.44,38,week 38.0,37.9,37.9,1.0,20.02,17.16,0.8571428571428572,Sat,265,1003.78,0.0
2018-09-23 00:00:00+00:00,0.0,715.46,2.86,760.0,0.0,695.44,38,week 38.0,37.9,37.9,1.0,20.02,20.02,1.0,Sun,266,1003.78,0.0
2018-09-24 00:00:00+00:00,0.0,715.46,2.86,762.86,0.0,695.44,39,week 39.0,22.020000000000003,0.0,0.0,20.02,2.86,0.14285714285714285,Mon,267,1003.78,22.020000000000003
2018-09-25 00:00:00+00:00,10.8,726.26,2.86,765.71,3.78,706.24,39,week 39.0,22.020000000000003,10.8,0.49046321525885556,20.02,5.72,0.2857142857142857,Tue,268,1003.78,11.220000000000002
2018-09-26 00:00:00+00:00,11.22,737.48,2.86,768.57,3.93,717.46,39,week 39.0,22.020000000000003,22.020000000000003,1.0,20.02,8.58,0.4285714285714286,Wed,269,1003.78,0.0
2018-09-27 00:00:00+00:00,0.0,737.48,2.86,771.43,0.0,717.46,39,week 39.0,22.020000000000003,22.020000000000003,1.0,20.02,11.44,0.5714285714285714,Thu,270,1003.78,0.0
2018-09-28 00:00:00+00:00,0.0,737.48,2.86,774.29,0.0,717.46,39,week 39.0,22.020000000000003,22.020000000000003,1.0,20.02,14.299999999999999,0.7142857142857143,Fri,271,1003.78,0.0
2018-09-29 00:00:00+00:00,0.0,737.48,2.86,777.14,0.0,717.46,39,week 39.0,22.020000000000003,22.020000000000003,1.0,20.02,17.16,0.8571428571428572,Sat,272,1003.78,0.0
2018-09-30 00:00:00+00:00,0.0,737.48,2.86,780.0,0.0,717.46,39,week 39.0,22.020000000000003,22.020000000000003,1.0,20.02,20.02,1.0,Sun,273,1003.78,0.0
2018-10-01 00:00:00+00:00,8.58,746.06,2.86,782.86,3.0,726.04,40,week 40.0,31.990000000000002,8.58,0.2682088152547671,20.02,2.86,0.14285714285714285,Mon,274,1003.78,23.410000000000004
2018-10-02 00:00:00+00:00,0.0,746.06,2.86,785.71,0.0,726.04,40,week 40.0,31.990000000000002,8.58,0.2682088152547671,20.02,5.72,0.2857142857142857,Tue,275,1003.78,23.410000000000004
2018-10-03 00:00:00+00:00,8.31,754.37,2.86,788.57,2.91,734.35,40,week 40.0,31.990000000000002,16.89,0.527977492966552,20.02,8.58,0.4285714285714286,Wed,276,1003.78,15.100000000000001
2018-10-04 00:00:00+00:00,0.0,754.37,2.86,791.43,0.0,734.35,40,week 40.0,31.990000000000002,16.89,0.527977492966552,20.02,11.44,0.5714285714285714,Thu,277,1003.78,15.100000000000001
2018-10-05 00:00:00+00:00,0.0,754.37,2.86,794.29,0.0,734.35,40,week 40.0,31.990000000000002,16.89,0.527977492966552,20.02,14.299999999999999,0.7142857142857143,Fri,278,1003.78,15.100000000000001
2018-10-06 00:00:00+00:00,15.1,769.47,2.86,797.14,5.28,749.45,40,week 40.0,31.990000000000002,31.990000000000002,1.0,20.02,17.16,0.8571428571428572,Sat,279,1003.78,0.0
2018-10-07 00:00:00+00:00,0.0,769.47,2.86,800.0,0.0,749.45,40,week 40.0,31.990000000000002,31.990000000000002,1.0,20.02,20.02,1.0,Sun,280,1003.78,0.0
2018-10-08 00:00:00+00:00,6.83,776.3,2.86,802.86,2.39,756.28,41,week 41.0,35.870000000000005,6.83,0.19040981321438527,20.02,2.86,0.14285714285714285,Mon,281,1003.78,29.040000000000006
2018-10-09 00:00:00+00:00,11.33,787.63,2.86,805.71,3.97,767.61,41,week 41.0,35.870000000000005,18.16,0.506272651240591,20.02,5.72,0.2857142857142857,Tue,282,1003.78,17.710000000000004
2018-10-10 00:00:00+00:00,0.0,787.63,2.86,808.57,0.0,767.61,41,week 41.0,35.870000000000005,18.16,0.506272651240591,20.02,8.58,0.4285714285714286,Wed,283,1003.78,17.710000000000004
2018-10-11 00:00:00+00:00,0.0,787.63,2.86,811.43,0.0,767.61,41,week 41.0,35.870000000000005,18.16,0.506272651240591,20.02,11.44,0.5714285714285714,Thu,284,1003.78,17.710000000000004
2018-10-12 00:00:00+00:00,0.0,787.63,2.86,814.29,0.0,767.61,41,week 41.0,35.870000000000005,18.16,0.506272651240591,20.02,14.299999999999999,0.7142857142857143,Fri,285,1003.78,17.710000000000004
2018-10-13 00:00:00+00:00,17.71,805.34,2.86,817.14,6.2,785.32,41,week 41.0,35.870000000000005,35.870000000000005,1.0,20.02,17.16,0.8571428571428572,Sat,286,1003.78,0.0
2018-10-14 00:00:00+00:00,0.0,805.34,2.86,820.0,0.0,785.32,41,week 41.0,35.870000000000005,35.870000000000005,1.0,20.02,20.02,1.0,Sun,287,1003.78,0.0
2018-10-15 00:00:00+00:00,0.0,805.34,2.86,822.86,0.0,785.32,42,week 42.0,23.89,0.0,0.0,20.02,2.86,0.14285714285714285,Mon,288,1003.78,23.89
2018-10-16 00:00:00+00:00,11.42,816.76,2.86,825.71,4.0,796.74,42,week 42.0,23.89,11.42,0.4780242779405609,20.02,5.72,0.2857142857142857,Tue,289,1003.78,12.47
2018-10-17 00:00:00+00:00,0.0,816.76,2.86,828.57,0.0,796.74,42,week 42.0,23.89,11.42,0.4780242779405609,20.02,8.58,0.4285714285714286,Wed,290,1003.78,12.47
2018-10-18 00:00:00+00:00,0.0,816.76,2.86,831.43,0.0,796.74,42,week 42.0,23.89,11.42,0.4780242779405609,20.02,11.44,0.5714285714285714,Thu,291,1003.78,12.47
2018-10-19 00:00:00+00:00,0.0,816.76,2.86,834.29,0.0,796.74,42,week 42.0,23.89,11.42,0.4780242779405609,20.02,14.299999999999999,0.7142857142857143,Fri,292,1003.78,12.47
2018-10-20 00:00:00+00:00,0.0,816.76,2.86,837.14,0.0,796.74,42,week 42.0,23.89,11.42,0.4780242779405609,20.02,17.16,0.8571428571428572,Sat,293,1003.78,12.47
2018-10-21 00:00:00+00:00,12.47,829.23,2.86,840.0,4.36,809.21,42,week 42.0,23.89,23.89,1.0,20.02,20.02,1.0,Sun,294,1003.78,0.0
2018-10-22 00:00:00+00:00,6.45,835.68,2.86,842.86,2.26,815.66,43,week 43.0,31.98,6.45,0.20168855534709193,20.02,2.86,0.14285714285714285,Mon,295,1003.78,25.53
2018-10-23 00:00:00+00:00,0.0,835.68,2.86,845.71,0.0,815.66,43,week 43.0,31.98,6.45,0.20168855534709193,20.02,5.72,0.2857142857142857,Tue,296,1003.78,25.53
2018-10-24 00:00:00+00:00,0.0,835.68,2.86,848.57,0.0,815.66,43,week 43.0,31.98,6.45,0.20168855534709193,20.02,8.58,0.4285714285714286,Wed,297,1003.78,25.53
2018-10-25 00:00:00+00:00,0.0,835.68,2.86,851.43,0.0,815.66,43,week 43.0,31.98,6.45,0.20168855534709193,20.02,11.44,0.5714285714285714,Thu,298,1003.78,25.53
2018-10-26 00:00:00+00:00,7.82,843.5,2.86,854.29,2.74,823.48,43,week 43.0,31.98,14.27,0.44621638524077545,20.02,14.299999999999999,0.7142857142857143,Fri,299,1003.78,17.71
2018-10-27 00:00:00+00:00,17.71,861.22,2.86,857.14,6.2,841.2,43,week 43.0,31.98,31.98,1.0,20.02,17.16,0.8571428571428572,Sat,300,1003.78,0.0
2018-10-28 00:00:00+00:00,0.0,861.22,2.86,860.0,0.0,841.2,43,week 43.0,31.98,31.98,1.0,20.02,20.02,1.0,Sun,301,1003.78,0.0
2018-10-29 00:00:00+00:00,6.52,867.73,2.86,862.86,2.28,847.71,44,week 44.0,24.84,6.52,0.26247987117552335,20.02,2.86,0.14285714285714285,Mon,302,1003.78,18.32
2018-10-30 00:00:00+00:00,0.0,867.73,2.86,865.71,0.0,847.71,44,week 44.0,24.84,6.52,0.26247987117552335,20.02,5.72,0.2857142857142857,Tue,303,1003.78,18.32
2018-10-31 00:00:00+00:00,0.0,867.73,2.86,868.57,0.0,847.71,44,week 44.0,24.84,6.52,0.26247987117552335,20.02,8.58,0.4285714285714286,Wed,304,1003.78,18.32
2018-11-01 00:00:00+00:00,0.0,867.73,2.86,871.43,0.0,847.71,44,week 44.0,24.84,6.52,0.26247987117552335,20.02,11.44,0.5714285714285714,Thu,305,1003.78,18.32
2018-11-02 00:00:00+00:00,0.0,867.73,2.86,874.29,0.0,847.71,44,week 44.0,24.84,6.52,0.26247987117552335,20.02,14.299999999999999,0.7142857142857143,Fri,306,1003.78,18.32
2018-11-03 00:00:00+00:00,18.32,886.05,2.86,877.14,6.41,866.03,44,week 44.0,24.84,24.84,1.0,20.02,17.16,0.8571428571428572,Sat,307,1003.78,0.0
2018-11-04 00:00:00+00:00,0.0,886.05,2.86,880.0,0.0,866.03,44,week 44.0,24.84,24.84,1.0,20.02,20.02,1.0,Sun,308,1003.78,0.0
2018-11-05 00:00:00+00:00,6.47,892.52,2.86,882.86,2.26,872.5,45,week 45.0,11.82,6.47,0.5473773265651438,20.02,2.86,0.14285714285714285,Mon,309,1003.78,5.3500000000000005
2018-11-06 00:00:00+00:00,0.0,892.52,2.86,885.71,0.0,872.5,45,week 45.0,11.82,6.47,0.5473773265651438,20.02,5.72,0.2857142857142857,Tue,310,1003.78,5.3500000000000005
2018-11-07 00:00:00+00:00,0.0,892.52,2.86,888.57,0.0,872.5,45,week 45.0,11.82,6.47,0.5473773265651438,20.02,8.58,0.4285714285714286,Wed,311,1003.78,5.3500000000000005
2018-11-08 00:00:00+00:00,0.0,892.52,2.86,891.43,0.0,872.5,45,week 45.0,11.82,6.47,0.5473773265651438,20.02,11.44,0.5714285714285714,Thu,312,1003.78,5.3500000000000005
2018-11-09 00:00:00+00:00,5.35,897.88,2.86,894.29,1.87,877.86,45,week 45.0,11.82,11.82,1.0,20.02,14.299999999999999,0.7142857142857143,Fri,313,1003.78,0.0
2018-11-10 00:00:00+00:00,0.0,897.88,2.86,897.14,0.0,877.86,45,week 45.0,11.82,11.82,1.0,20.02,17.16,0.8571428571428572,Sat,314,1003.78,0.0
2018-11-11 00:00:00+00:00,0.0,897.88,2.86,900.0,0.0,877.86,45,week 45.0,11.82,11.82,1.0,20.02,20.02,1.0,Sun,315,1003.78,0.0
2018-11-12 00:00:00+00:00,0.0,897.88,2.86,902.86,0.0,877.86,46,week 46.0,15.39,0.0,0.0,20.02,2.86,0.14285714285714285,Mon,316,1003.78,15.39
2018-11-13 00:00:00+00:00,0.0,897.88,2.86,905.71,0.0,877.86,46,week 46.0,15.39,0.0,0.0,20.02,5.72,0.2857142857142857,Tue,317,1003.78,15.39
2018-11-14 00:00:00+00:00,0.0,897.88,2.86,908.57,0.0,877.86,46,week 46.0,15.39,0.0,0.0,20.02,8.58,0.4285714285714286,Wed,318,1003.78,15.39
2018-11-15 00:00:00+00:00,0.0,897.88,2.86,911.43,0.0,877.86,46,week 46.0,15.39,0.0,0.0,20.02,11.44,0.5714285714285714,Thu,319,1003.78,15.39
2018-11-16 00:00:00+00:00,0.0,897.88,2.86,914.29,0.0,877.86,46,week 46.0,15.39,0.0,0.0,20.02,14.299999999999999,0.7142857142857143,Fri,320,1003.78,15.39
2018-11-17 00:00:00+00:00,15.39,913.27,2.86,917.14,5.39,893.25,46,week 46.0,15.39,15.39,1.0,20.02,17.16,0.8571428571428572,Sat,321,1003.78,0.0
2018-11-18 00:00:00+00:00,0.0,913.27,2.86,920.0,0.0,893.25,46,week 46.0,15.39,15.39,1.0,20.02,20.02,1.0,Sun,322,1003.78,0.0
2018-11-19 00:00:00+00:00,0.0,913.27,2.86,922.86,0.0,893.25,47,week 47.0,5.9,0.0,0.0,20.02,2.86,0.14285714285714285,Mon,323,1003.78,5.9
2018-11-20 00:00:00+00:00,0.0,913.27,2.86,925.71,0.0,893.25,47,week 47.0,5.9,0.0,0.0,20.02,5.72,0.2857142857142857,Tue,324,1003.78,5.9
2018-11-21 00:00:00+00:00,0.0,913.27,2.86,928.57,0.0,893.25,47,week 47.0,5.9,0.0,0.0,20.02,8.58,0.4285714285714286,Wed,325,1003.78,5.9
2018-11-22 00:00:00+00:00,0.0,913.27,2.86,931.43,0.0,893.25,47,week 47.0,5.9,0.0,0.0,20.02,11.44,0.5714285714285714,Thu,326,1003.78,5.9
2018-11-23 00:00:00+00:00,5.9,919.17,2.86,934.29,2.07,899.15,47,week 47.0,5.9,5.9,1.0,20.02,14.299999999999999,0.7142857142857143,Fri,327,1003.78,0.0
2018-11-24 00:00:00+00:00,0.0,919.17,2.86,937.14,0.0,899.15,47,week 47.0,5.9,5.9,1.0,20.02,17.16,0.8571428571428572,Sat,328,1003.78,0.0
2018-11-25 00:00:00+00:00,0.0,919.17,2.86,940.0,0.0,899.15,47,week 47.0,5.9,5.9,1.0,20.02,20.02,1.0,Sun,329,1003.78,0.0
2018-11-26 00:00:00+00:00,6.45,925.62,2.86,942.86,2.26,905.6,48,week 48.0,28.28,6.45,0.22807637906647807,20.02,2.86,0.14285714285714285,Mon,330,1003.78,21.830000000000002
2018-11-27 00:00:00+00:00,11.06,936.68,2.86,945.71,3.87,916.66,48,week 48.0,28.28,17.51,0.6191654879773691,20.02,5.72,0.2857142857142857,Tue,331,1003.78,10.77
2018-11-28 00:00:00+00:00,5.46,942.14,2.86,948.57,1.91,922.12,48,week 48.0,28.28,22.970000000000002,0.8122347949080623,20.02,8.58,0.4285714285714286,Wed,332,1003.78,5.309999999999999
2018-11-29 00:00:00+00:00,0.0,942.14,2.86,951.43,0.0,922.12,48,week 48.0,28.28,22.970000000000002,0.8122347949080623,20.02,11.44,0.5714285714285714,Thu,333,1003.78,5.309999999999999
2018-11-30 00:00:00+00:00,5.31,947.44,2.86,954.29,1.86,927.4200000000001,48,week 48.0,28.28,28.28,1.0,20.02,14.299999999999999,0.7142857142857143,Fri,334,1003.78,0.0
2018-12-01 00:00:00+00:00,0.0,947.44,2.86,957.14,0.0,927.4200000000001,48,week 48.0,28.28,28.28,1.0,20.02,17.16,0.8571428571428572,Sat,335,1003.78,0.0
2018-12-02 00:00:00+00:00,0.0,947.44,2.86,960.0,0.0,927.4200000000001,48,week 48.0,28.28,28.28,1.0,20.02,20.02,1.0,Sun,336,1003.78,0.0
2018-12-03 00:00:00+00:00,0.0,947.44,2.86,962.86,0.0,927.4200000000001,49,week 49.0,11.28,0.0,0.0,20.02,2.86,0.14285714285714285,Mon,337,1003.78,11.28
2018-12-04 00:00:00+00:00,11.28,958.72,2.86,965.71,3.95,938.7,49,week 49.0,11.28,11.28,1.0,20.02,5.72,0.2857142857142857,Tue,338,1003.78,0.0
2018-12-05 00:00:00+00:00,0.0,958.72,2.86,968.57,0.0,938.7,49,week 49.0,11.28,11.28,1.0,20.02,8.58,0.4285714285714286,Wed,339,1003.78,0.0
2018-12-06 00:00:00+00:00,0.0,958.72,2.86,971.43,0.0,938.7,49,week 49.0,11.28,11.28,1.0,20.02,11.44,0.5714285714285714,Thu,340,1003.78,0.0
2018-12-07 00:00:00+00:00,0.0,958.72,2.86,974.29,0.0,938.7,49,week 49.0,11.28,11.28,1.0,20.02,14.299999999999999,0.7142857142857143,Fri,341,1003.78,0.0
2018-12-08 00:00:00+00:00,0.0,958.72,2.86,977.14,0.0,938.7,49,week 49.0,11.28,11.28,1.0,20.02,17.16,0.8571428571428572,Sat,342,1003.78,0.0
2018-12-09 00:00:00+00:00,0.0,958.72,2.86,980.0,0.0,938.7,49,week 49.0,11.28,11.28,1.0,20.02,20.02,1.0,Sun,343,1003.78,0.0
2018-12-10 00:00:00+00:00,0.0,958.72,2.86,982.86,0.0,938.7,50,week 50.0,18.89,0.0,0.0,20.02,2.86,0.14285714285714285,Mon,344,1003.78,18.89
2018-12-11 00:00:00+00:00,0.0,958.72,2.86,985.71,0.0,938.7,50,week 50.0,18.89,0.0,0.0,20.02,5.72,0.2857142857142857,Tue,345,1003.78,18.89
2018-12-12 00:00:00+00:00,10.83,969.55,2.86,988.57,3.79,949.53,50,week 50.0,18.89,10.83,0.5733192165166755,20.02,8.58,0.4285714285714286,Wed,346,1003.78,8.06
2018-12-13 00:00:00+00:00,0.0,969.55,2.86,991.43,0.0,949.53,50,week 50.0,18.89,10.83,0.5733192165166755,20.02,11.44,0.5714285714285714,Thu,347,1003.78,8.06
2018-12-14 00:00:00+00:00,8.06,977.61,2.86,994.29,2.82,957.59,50,week 50.0,18.89,18.89,1.0,20.02,14.299999999999999,0.7142857142857143,Fri,348,1003.78,0.0
2018-12-15 00:00:00+00:00,0.0,977.61,2.86,997.14,0.0,957.59,50,week 50.0,18.89,18.89,1.0,20.02,17.16,0.8571428571428572,Sat,349,1003.78,0.0
2018-12-16 00:00:00+00:00,0.0,977.61,2.86,1000.0,0.0,957.59,50,week 50.0,18.89,18.89,1.0,20.02,20.02,1.0,Sun,350,1003.78,0.0
2018-12-17 00:00:00+00:00,0.0,977.61,2.86,1002.86,0.0,957.59,51,week 51.0,17.86,0.0,0.0,20.02,2.86,0.14285714285714285,Mon,351,1003.78,17.86
2018-12-18 00:00:00+00:00,0.0,977.61,2.86,1005.71,0.0,957.59,51,week 51.0,17.86,0.0,0.0,20.02,5.72,0.2857142857142857,Tue,352,1003.78,17.86
2018-12-19 00:00:00+00:00,0.0,977.61,2.86,1008.57,0.0,957.59,51,week 51.0,17.86,0.0,0.0,20.02,8.58,0.4285714285714286,Wed,353,1003.78,17.86
2018-12-20 00:00:00+00:00,0.0,977.61,2.86,1011.43,0.0,957.59,51,week 51.0,17.86,0.0,0.0,20.02,11.44,0.5714285714285714,Thu,354,1003.78,17.86
2018-12-21 00:00:00+00:00,6.52,984.13,2.86,1014.29,2.28,964.11,51,week 51.0,17.86,6.52,0.3650615901455767,20.02,14.299999999999999,0.7142857142857143,Fri,355,1003.78,11.34
2018-12-22 00:00:00+00:00,11.34,995.47,2.86,1017.14,3.97,975.45,51,week 51.0,17.86,17.86,1.0,20.02,17.16,0.8571428571428572,Sat,356,1003.78,0.0
2018-12-23 00:00:00+00:00,0.0,995.47,2.86,1020.0,0.0,975.45,51,week 51.0,17.86,17.86,1.0,20.02,20.02,1.0,Sun,357,1003.78,0.0
2018-12-24 00:00:00+00:00,8.26,1003.73,2.86,1022.86,2.89,1000.87,52,week 52.0,8.26,8.26,1.0,2.86,2.86,1.0,,358,1003.78,0.0
